,CustomerID,Age,Gender,Region,SatisfactionScore
0,CUST1000,52.0,Male,South,3.0
1,CUST1001,24.0,Female,North,3.0
2,CUST1002,54.0,Male,,3.0
3,CUST1003,56.0,Male,South,3.0
4,CUST1004,57.0,Male,East,1.0
5,CUST1005,27.0,Female,North,1.0
6,CUST1006,43.0,Male,South,3.0
7,CUST1007,19.0,Male,North,4.0
8,CUST1008,36.0,Female,,5.0
9,CUST1009,42.0,Male,North,3.0
10,CUST1010,40.0,Male,East,2.0
11,CUST1011,43.0,Female,South,1.0
12,CUST1012,69.0,Other,East,2.0
13,CUST1013,59.0,Male,East,3.0
14,CUST1014,36.0,Female,South,2.0
15,CUST1015,58.0,Female,,4.0
16,CUST1016,56.0,Female,,1.0
17,CUST1017,57.0,Male,East,2.0
18,CUST1018,48.0,Female,North,3.0
19,CUST1019,67.0,Male,,2.0
20,CUST1020,27.0,Male,North,3.0
21,CUST1021,33.0,Male,East,2.0
22,CUST1022,21.0,Female,South,2.0
23,CUST1023,65.0,Male,South,2.0
24,CUST1024,23.0,Female,East,5.0
25,CUST1025,69.0,Other,North,4.0
26,CUST1026,41.0,Male,North,3.0
27,CUST1027,39.0,Male,East,5.0
28,CUST1028,41.0,Male,East,3.0
29,CUST1029,19.0,Male,North,3.0
30,CUST1030,54.0,Female,South,4.0
31,CUST1031,52.0,Female,East,2.0
32,CUST1032,38.0,Other,East,4.0
33,CUST1033,59.0,Female,North,2.0
34,CUST1034,57.0,Male,North,4.0
35,CUST1035,63.0,Female,South,4.0
36,CUST1036,25.0,Male,East,2.0
37,CUST1037,47.0,Female,South,4.0
38,CUST1038,47.0,Male,,5.0
39,CUST1039,43.0,Male,North,4.0
40,CUST1040,20.0,Male,South,5.0
41,CUST1041,32.0,Male,South,3.0
42,CUST1042,19.0,Male,East,3.0
43,CUST1043,27.0,Female,East,1.0
44,CUST1044,61.0,Female,North,3.0
45,CUST1045,63.0,Female,South,5.0
46,CUST1046,37.0,Male,North,2.0
47,CUST1047,37.0,Male,South,2.0
48,CUST1048,43.0,Female,East,2.0
49,CUST1049,45.0,Male,South,2.0
50,CUST1050,29.0,Male,South,2.0
51,CUST1051,42.0,Male,South,3.0
52,CUST1052,24.0,Female,South,3.0
53,CUST1053,25.0,Female,North,3.0
54,CUST1054,27.0,Male,South,3.0
55,CUST1055,22.0,Male,South,2.0
56,CUST1056,34.0,Male,North,4.0
57,CUST1057,43.0,Female,,4.0
58,CUST1058,42.0,Female,,3.0
59,CUST1059,66.0,Male,North,2.0
60,CUST1060,68.0,Female,,2.0
61,CUST1061,29.0,Male,East,1.0
62,CUST1062,19.0,Male,North,2.0
63,CUST1063,53.0,Female,North,4.0
64,CUST1064,66.0,Male,East,4.0
65,CUST1065,49.0,Female,,3.0
66,CUST1066,42.0,Female,East,1.0
67,CUST1067,54.0,Male,East,3.0
68,CUST1068,37.0,Male,South,1.0
69,CUST1069,61.0,Male,East,3.0
70,CUST1070,36.0,Female,South,3.0
71,CUST1071,27.0,Male,North,1.0
72,CUST1072,60.0,Female,East,4.0
73,CUST1073,56.0,Female,,2.0
74,CUST1074,31.0,Female,North,1.0
75,CUST1075,31.0,Female,East,3.0
76,CUST1076,54.0,Male,East,3.0
77,CUST1077,53.0,Male,South,4.0
78,CUST1078,23.0,Female,North,4.0
79,CUST1079,43.0,Male,North,3.0
80,CUST1080,53.0,Male,East,4.0
81,CUST1081,35.0,Female,South,4.0
82,CUST1082,68.0,Other,,5.0
83,CUST1083,19.0,Female,East,4.0
84,CUST1084,39.0,Male,North,5.0
85,CUST1085,63.0,Other,East,3.0
86,CUST1086,69.0,Male,North,4.0
87,CUST1087,51.0,Male,North,4.0
88,CUST1088,34.0,Female,,3.0
89,CUST1089,47.0,Female,East,3.0
90,CUST1090,69.0,Female,South,2.0
91,CUST1091,45.0,Other,North,4.0
92,CUST1092,56.0,Female,North,3.0
93,CUST1093,57.0,Other,North,2.0
94,CUST1094,22.0,Female,South,3.0
95,CUST1095,63.0,Male,North,2.0
96,CUST1096,34.0,Female,South,4.0
97,CUST1097,56.0,Male,,1.0
98,CUST1098,27.0,Male,,5.0
99,CUST1099,64.0,Female,South,3.0
100,CUST1100,28.0,Male,South,3.0
101,CUST1101,65.0,Female,,3.0
102,CUST1102,67.0,Female,North,3.0
103,CUST1103,24.0,Male,North,4.0
104,CUST1104,51.0,Female,,2.0
105,CUST1105,40.0,Male,,1.0
106,CUST1106,64.0,Female,South,4.0
107,CUST1107,37.0,Male,North,2.0
108,CUST1108,20.0,Other,North,2.0
109,CUST1109,38.0,Female,North,3.0
110,CUST1110,43.0,Male,East,4.0
111,CUST1111,58.0,Male,North,3.0
112,CUST1112,31.0,Male,,1.0
113,CUST1113,56.0,Other,North,1.0
114,CUST1114,48.0,Male,East,3.0
115,CUST1115,61.0,Female,South,3.0
116,CUST1116,18.0,Female,,2.0
117,CUST1117,19.0,Male,North,5.0
118,CUST1118,42.0,Other,South,4.0
119,CUST1119,45.0,Other,North,3.0
120,CUST1120,47.0,Male,East,4.0
121,CUST1121,36.0,Female,North,3.0
122,CUST1122,22.0,Male,East,1.0
123,CUST1123,44.0,Female,,3.0
124,CUST1124,37.0,Female,South,1.0
125,CUST1125,54.0,Female,East,2.0
126,CUST1126,48.0,Male,,4.0
127,CUST1127,23.0,Female,East,1.0
128,CUST1128,20.0,Other,South,5.0
129,CUST1129,55.0,Female,East,1.0
130,CUST1130,59.0,Other,North,3.0
131,CUST1131,47.0,Male,South,1.0
132,CUST1132,26.0,Male,East,3.0
133,CUST1133,62.0,Male,,1.0
134,CUST1134,27.0,Female,North,3.0
135,CUST1135,60.0,Male,North,3.0
136,CUST1136,28.0,Female,East,3.0
137,CUST1137,39.0,Female,North,3.0
138,CUST1138,53.0,Other,,3.0
139,CUST1139,23.0,Female,South,2.0
140,CUST1140,59.0,Other,,3.0
141,CUST1141,56.0,Male,,4.0
142,CUST1142,23.0,Male,South,3.0
143,CUST1143,21.0,Male,South,2.0
144,CUST1144,26.0,Male,,3.0
145,CUST1145,59.0,Male,North,1.0
146,CUST1146,22.0,Female,North,2.0
147,CUST1147,19.0,Female,East,4.0
148,CUST1148,61.0,Female,East,3.0
149,CUST1149,40.0,Male,North,5.0
150,CUST1150,28.0,Male,North,4.0
151,CUST1151,22.0,Male,East,2.0
152,CUST1152,22.0,Female,North,5.0
153,CUST1153,60.0,Female,South,3.0
154,CUST1154,37.0,Male,East,1.0
155,CUST1155,23.0,Male,North,3.0
156,CUST1156,52.0,Male,South,4.0
157,CUST1157,18.0,Male,East,4.0
158,CUST1158,41.0,Male,North,3.0
159,CUST1159,23.0,Female,,1.0
160,CUST1160,69.0,Male,,3.0
161,CUST1161,60.0,Other,South,3.0
162,CUST1162,43.0,Female,,3.0
163,CUST1163,45.0,Other,South,1.0
164,CUST1164,57.0,Male,East,5.0
165,CUST1165,26.0,Female,South,4.0
166,CUST1166,19.0,Male,East,3.0
167,CUST1167,63.0,Male,North,1.0
168,CUST1168,27.0,Female,South,3.0
169,CUST1169,54.0,Female,South,4.0
170,CUST1170,64.0,Female,East,2.0
171,CUST1171,51.0,Female,North,2.0
172,CUST1172,29.0,Female,North,2.0
173,CUST1173,28.0,Male,,4.0
174,CUST1174,32.0,Male,North,2.0
175,CUST1175,30.0,Female,South,2.0
176,CUST1176,38.0,Female,North,4.0
177,CUST1177,19.0,Male,East,3.0
178,CUST1178,27.0,Female,North,1.0
179,CUST1179,34.0,Male,North,3.0
180,CUST1180,32.0,Male,East,3.0
181,CUST1181,23.0,Female,East,5.0
182,CUST1182,55.0,Other,North,3.0
183,CUST1183,22.0,Male,East,2.0
184,CUST1184,22.0,Other,North,1.0
185,CUST1185,58.0,Female,North,3.0
186,CUST1186,43.0,Female,East,3.0
187,CUST1187,52.0,Other,South,1.0
188,CUST1188,61.0,Male,South,4.0
189,CUST1189,50.0,Female,North,2.0
190,CUST1190,60.0,Other,,3.0
191,CUST1191,63.0,Male,South,3.0
192,CUST1192,43.0,Female,North,3.0
193,CUST1193,22.0,Female,North,3.0
194,CUST1194,36.0,Male,South,4.0
195,CUST1195,55.0,Female,South,1.0
196,CUST1196,50.0,Female,South,5.0
197,CUST1197,64.0,Male,North,3.0
198,CUST1198,18.0,Male,South,1.0
199,CUST1199,63.0,Male,South,4.0
200,CUST1200,59.0,Female,East,3.0
201,CUST1201,28.0,Other,East,5.0
202,CUST1202,34.0,Male,East,4.0
203,CUST1203,47.0,Female,South,3.0
204,CUST1204,56.0,Male,North,2.0
205,CUST1205,46.0,Female,South,5.0
206,CUST1206,47.0,Female,South,3.0
207,CUST1207,39.0,Female,,3.0
208,CUST1208,24.0,Other,South,3.0
209,CUST1209,18.0,Female,,1.0
210,CUST1210,24.0,Male,East,1.0
211,CUST1211,40.0,Female,South,3.0
212,CUST1212,43.0,Male,South,1.0
213,CUST1213,31.0,Male,South,3.0
214,CUST1214,39.0,Male,North,3.0
215,CUST1215,39.0,Female,,4.0
216,CUST1216,43.0,Female,East,5.0
217,CUST1217,21.0,Male,East,4.0
218,CUST1218,51.0,Female,South,1.0
219,CUST1219,56.0,Male,North,2.0
220,CUST1220,63.0,Female,,1.0
221,CUST1221,33.0,Male,East,3.0
222,CUST1222,63.0,Female,North,5.0
223,CUST1223,41.0,Female,South,3.0
224,CUST1224,41.0,Female,East,1.0
225,CUST1225,36.0,Female,North,4.0
226,CUST1226,61.0,Male,East,5.0
227,CUST1227,42.0,Male,East,3.0
228,CUST1228,61.0,Male,East,2.0
229,CUST1229,36.0,Female,East,2.0
230,CUST1230,32.0,Female,East,1.0
231,CUST1231,33.0,Female,South,3.0
232,CUST1232,45.0,Female,North,4.0
233,CUST1233,33.0,Other,East,4.0
234,CUST1234,44.0,Male,,1.0
235,CUST1235,33.0,Male,South,3.0
236,CUST1236,58.0,Male,East,3.0
237,CUST1237,43.0,Female,North,1.0
238,CUST1238,41.0,Male,,3.0
239,CUST1239,66.0,Female,East,5.0
240,CUST1240,20.0,Male,North,3.0
241,CUST1241,22.0,Other,,2.0
242,CUST1242,43.0,Female,South,3.0
243,CUST1243,43.0,Male,North,2.0
244,CUST1244,58.0,Male,North,4.0
245,CUST1245,49.0,Male,North,2.0
246,CUST1246,36.0,Male,South,3.0
247,CUST1247,61.0,Male,North,3.0
248,CUST1248,36.0,Female,South,4.0
249,CUST1249,39.0,Female,,1.0
250,CUST1250,31.0,Male,North,1.0
251,CUST1251,67.0,Female,North,2.0
252,CUST1252,57.0,Female,South,1.0
253,CUST1253,68.0,Female,North,1.0
254,CUST1254,24.0,Other,North,1.0
255,CUST1255,66.0,Female,South,3.0
256,CUST1256,54.0,Female,,1.0
257,CUST1257,37.0,Male,East,2.0
258,CUST1258,38.0,Male,North,3.0
259,CUST1259,23.0,Male,South,3.0
260,CUST1260,23.0,Female,North,2.0
261,CUST1261,36.0,Male,East,5.0
262,CUST1262,60.0,Male,East,2.0
263,CUST1263,63.0,Male,South,2.0
264,CUST1264,50.0,Male,,1.0
265,CUST1265,43.0,Male,North,3.0
266,CUST1266,36.0,Female,North,3.0
267,CUST1267,55.0,Male,East,3.0
268,CUST1268,18.0,Male,North,4.0
269,CUST1269,26.0,Male,East,3.0
270,CUST1270,41.0,Male,North,4.0
271,CUST1271,64.0,Female,East,1.0
272,CUST1272,59.0,Female,South,1.0
273,CUST1273,21.0,Female,East,3.0
274,CUST1274,66.0,Female,East,2.0
275,CUST1275,52.0,Male,East,3.0
276,CUST1276,41.0,Female,North,3.0
277,CUST1277,38.0,Male,East,5.0
278,CUST1278,61.0,Female,East,5.0
279,CUST1279,68.0,Female,East,4.0
280,CUST1280,22.0,Male,South,3.0
281,CUST1281,40.0,Other,,3.0
282,CUST1282,31.0,Female,South,2.0
283,CUST1283,62.0,Other,East,5.0
284,CUST1284,26.0,Female,South,2.0
285,CUST1285,69.0,Female,North,3.0
286,CUST1286,43.0,Male,South,3.0
287,CUST1287,62.0,Male,East,4.0
288,CUST1288,62.0,Male,South,3.0
289,CUST1289,26.0,Female,North,5.0
290,CUST1290,46.0,Other,North,3.0
291,CUST1291,32.0,Male,North,1.0
292,CUST1292,43.0,Female,,3.0
293,CUST1293,62.0,Male,North,2.0
294,CUST1294,32.0,Female,North,4.0
295,CUST1295,56.0,Male,,4.0
296,CUST1296,27.0,Male,East,4.0
297,CUST1297,53.0,Male,South,1.0
298,CUST1298,32.0,Female,East,3.0
299,CUST1299,28.0,Other,South,3.0
300,CUST1300,24.0,Male,South,1.0
301,CUST1301,37.0,Male,North,3.0
302,CUST1302,48.0,Female,North,5.0
303,CUST1303,20.0,Male,,3.0
304,CUST1304,28.0,Female,South,1.0
305,CUST1305,48.0,Female,North,3.0
306,CUST1306,68.0,Male,North,4.0
307,CUST1307,29.0,Male,East,3.0
308,CUST1308,47.0,Male,South,4.0
309,CUST1309,58.0,Female,North,3.0
310,CUST1310,35.0,Male,South,4.0
311,CUST1311,18.0,Female,North,2.0
312,CUST1312,55.0,Male,East,4.0
313,CUST1313,68.0,Female,South,3.0
314,CUST1314,64.0,Male,East,2.0
315,CUST1315,65.0,Male,East,2.0
316,CUST1316,49.0,Male,North,3.0
317,CUST1317,39.0,Male,East,2.0
318,CUST1318,18.0,Female,,2.0
319,CUST1319,36.0,Male,North,3.0
320,CUST1320,31.0,Male,East,4.0
321,CUST1321,57.0,Male,North,2.0
322,CUST1322,59.0,Female,South,2.0
323,CUST1323,47.0,Female,,4.0
324,CUST1324,19.0,Female,North,4.0
325,CUST1325,69.0,Female,East,4.0
326,CUST1326,65.0,Male,North,3.0
327,CUST1327,62.0,Female,East,1.0
328,CUST1328,50.0,Female,North,3.0
329,CUST1329,66.0,Female,South,3.0
330,CUST1330,60.0,Other,South,5.0
331,CUST1331,52.0,Female,North,3.0
332,CUST1332,49.0,Other,North,1.0
333,CUST1333,43.0,Female,North,2.0
334,CUST1334,25.0,Other,East,1.0
335,CUST1335,22.0,Male,North,3.0
336,CUST1336,61.0,Female,South,1.0
337,CUST1337,23.0,Male,East,5.0
338,CUST1338,52.0,Female,North,2.0
339,CUST1339,32.0,Female,East,3.0
340,CUST1340,42.0,Male,,4.0
341,CUST1341,51.0,Female,North,1.0
342,CUST1342,51.0,Female,,2.0
343,CUST1343,25.0,Other,East,5.0
344,CUST1344,33.0,Female,North,1.0
345,CUST1345,24.0,Male,South,1.0
346,CUST1346,63.0,Male,East,5.0
347,CUST1347,29.0,Male,East,2.0
348,CUST1348,49.0,Male,East,4.0
349,CUST1349,26.0,Female,,3.0
350,CUST1350,39.0,Female,East,2.0
351,CUST1351,31.0,Female,East,4.0
352,CUST1352,30.0,Male,North,2.0
353,CUST1353,28.0,Female,East,3.0
354,CUST1354,42.0,Female,South,1.0
355,CUST1355,64.0,Male,East,2.0
356,CUST1356,66.0,Male,East,4.0
357,CUST1357,50.0,Female,,3.0
358,CUST1358,33.0,Female,North,3.0
359,CUST1359,19.0,Female,,3.0
360,CUST1360,42.0,Male,North,1.0
361,CUST1361,24.0,Female,North,3.0
362,CUST1362,43.0,Male,,1.0
363,CUST1363,30.0,Other,East,3.0
364,CUST1364,47.0,Male,South,3.0
365,CUST1365,43.0,Male,,4.0
366,CUST1366,31.0,Female,,2.0
367,CUST1367,59.0,Female,North,3.0
368,CUST1368,36.0,Female,,3.0
369,CUST1369,43.0,Male,,2.0
370,CUST1370,47.0,Male,East,4.0
371,CUST1371,55.0,Male,South,3.0
372,CUST1372,29.0,Female,,3.0
373,CUST1373,46.0,Female,East,1.0
374,CUST1374,51.0,Female,,1.0
375,CUST1375,56.0,Female,East,3.0
376,CUST1376,60.0,Female,South,2.0
377,CUST1377,62.0,Female,North,2.0
378,CUST1378,67.0,Male,,3.0
379,CUST1379,29.0,Female,East,2.0
380,CUST1380,43.0,Female,East,3.0
381,CUST1381,33.0,Female,East,4.0
382,CUST1382,55.0,Male,South,5.0
383,CUST1383,37.0,Female,,4.0
384,CUST1384,56.0,Female,,3.0
385,CUST1385,39.0,Male,East,1.0
386,CUST1386,57.0,Female,East,3.0
387,CUST1387,23.0,Male,East,3.0
388,CUST1388,48.0,Male,North,4.0
389,CUST1389,28.0,Other,South,3.0
390,CUST1390,28.0,Female,East,1.0
391,CUST1391,68.0,Male,,2.0
392,CUST1392,69.0,Male,East,1.0
393,CUST1393,43.0,Female,North,1.0
394,CUST1394,43.0,Female,North,1.0
395,CUST1395,60.0,Female,South,3.0
396,CUST1396,55.0,Female,East,1.0
397,CUST1397,43.0,Female,North,5.0
398,CUST1398,40.0,Male,South,3.0
399,CUST1399,52.0,Other,South,1.0
400,CUST1400,36.0,Male,,2.0
401,CUST1401,32.0,Male,South,2.0
402,CUST1402,64.0,Female,North,3.0
403,CUST1403,46.0,Female,,3.0
404,CUST1404,24.0,Male,North,4.0
405,CUST1405,20.0,Male,North,3.0
406,CUST1406,49.0,Male,East,4.0
407,CUST1407,26.0,Female,East,2.0
408,CUST1408,39.0,Male,North,3.0
409,CUST1409,35.0,Male,East,2.0
410,CUST1410,34.0,Male,South,4.0
411,CUST1411,43.0,Male,North,3.0
412,CUST1412,25.0,Male,East,1.0
413,CUST1413,24.0,Male,East,1.0
414,CUST1414,57.0,Female,,3.0
415,CUST1415,54.0,Male,North,3.0
416,CUST1416,36.0,Female,,5.0
417,CUST1417,41.0,Male,,2.0
418,CUST1418,37.0,Female,South,4.0
419,CUST1419,56.0,Male,East,3.0
420,CUST1420,18.0,Female,South,3.0
421,CUST1421,18.0,Male,North,3.0
422,CUST1422,51.0,Other,North,5.0
423,CUST1423,65.0,Male,,5.0
424,CUST1424,28.0,Male,,3.0
425,CUST1425,29.0,Female,North,3.0
426,CUST1426,40.0,Male,South,4.0
427,CUST1427,43.0,Other,South,5.0
428,CUST1428,42.0,Female,North,1.0
429,CUST1429,63.0,Male,North,5.0
430,CUST1430,34.0,Male,,3.0
431,CUST1431,45.0,Other,South,3.0
432,CUST1432,21.0,Male,North,4.0
433,CUST1433,19.0,Female,North,3.0
434,CUST1434,23.0,Female,East,2.0
435,CUST1435,41.0,Female,,3.0
436,CUST1436,19.0,Male,South,2.0
437,CUST1437,26.0,Male,South,3.0
438,CUST1438,59.0,Female,South,4.0
439,CUST1439,25.0,Male,,2.0
440,CUST1440,28.0,Male,South,2.0
441,CUST1441,62.0,Male,North,4.0
442,CUST1442,69.0,Male,South,3.0
443,CUST1443,62.0,Male,,3.0
444,CUST1444,53.0,Female,North,1.0
445,CUST1445,56.0,Male,South,3.0
446,CUST1446,32.0,Female,South,4.0
447,CUST1447,48.0,Female,South,5.0
448,CUST1448,59.0,Male,South,1.0
449,CUST1449,34.0,Male,South,3.0
450,CUST1450,40.0,Male,North,2.0
451,CUST1451,23.0,Other,North,5.0
452,CUST1452,56.0,Female,North,3.0
453,CUST1453,53.0,Female,North,2.0
454,CUST1454,18.0,Male,,3.0
455,CUST1455,59.0,Male,,4.0
456,CUST1456,18.0,Male,South,2.0
457,CUST1457,41.0,Male,North,1.0
458,CUST1458,63.0,Female,North,3.0
459,CUST1459,38.0,Male,East,2.0
460,CUST1460,26.0,Female,North,2.0
461,CUST1461,63.0,Female,North,3.0
462,CUST1462,19.0,Male,North,5.0
463,CUST1463,58.0,Other,South,4.0
464,CUST1464,29.0,Other,South,5.0
465,CUST1465,30.0,Female,East,3.0
466,CUST1466,33.0,Female,South,3.0
467,CUST1467,55.0,Female,South,2.0
468,CUST1468,38.0,Male,South,5.0
469,CUST1469,39.0,Male,,3.0
470,CUST1470,61.0,Female,North,4.0
471,CUST1471,67.0,Female,North,1.0
472,CUST1472,27.0,Male,South,2.0
473,CUST1473,29.0,Male,East,2.0
474,CUST1474,60.0,Female,North,4.0
475,CUST1475,53.0,Female,East,3.0
476,CUST1476,46.0,Female,South,3.0
477,CUST1477,21.0,Female,East,5.0
478,CUST1478,54.0,Male,North,4.0
479,CUST1479,22.0,Female,South,2.0
480,CUST1480,36.0,Male,,5.0
481,CUST1481,53.0,Female,South,4.0
482,CUST1482,39.0,Female,South,2.0
483,CUST1483,60.0,Male,North,1.0
484,CUST1484,19.0,Female,North,1.0
485,CUST1485,38.0,Male,,1.0
486,CUST1486,62.0,Female,South,3.0
487,CUST1487,30.0,Female,South,2.0
488,CUST1488,57.0,Other,South,4.0
489,CUST1489,43.0,Other,South,2.0
490,CUST1490,50.0,Male,South,5.0
491,CUST1491,35.0,Other,South,4.0
492,CUST1492,43.0,Male,South,1.0
493,CUST1493,68.0,Male,East,1.0
494,CUST1494,24.0,Male,North,3.0
495,CUST1495,37.0,Male,North,3.0
496,CUST1496,39.0,Female,,2.0
497,CUST1497,43.0,Female,East,1.0
498,CUST1498,61.0,Male,East,4.0
499,CUST1499,36.0,Male,,3.0
500,CUST1500,54.0,Male,South,1.0
501,CUST1501,37.0,Female,East,4.0
502,CUST1502,37.0,Female,South,5.0
503,CUST1503,53.0,Male,North,3.0
504,CUST1504,43.0,Male,North,3.0
505,CUST1505,41.0,Female,South,3.0
506,CUST1506,69.0,Female,,3.0
507,CUST1507,43.0,Other,South,3.0
508,CUST1508,57.0,Male,South,5.0
509,CUST1509,25.0,Male,South,2.0
510,CUST1510,57.0,Female,South,3.0
511,CUST1511,35.0,Male,South,5.0
512,CUST1512,49.0,Male,,3.0
513,CUST1513,23.0,Male,East,3.0
514,CUST1514,56.0,Male,South,4.0
515,CUST1515,29.0,Female,East,4.0
516,CUST1516,57.0,Male,South,2.0
517,CUST1517,24.0,Other,,5.0
518,CUST1518,58.0,Male,East,5.0
519,CUST1519,69.0,Male,South,3.0
520,CUST1520,36.0,Female,South,4.0
521,CUST1521,27.0,Male,East,1.0
522,CUST1522,68.0,Female,East,3.0
523,CUST1523,38.0,Female,East,4.0
524,CUST1524,58.0,Female,,5.0
525,CUST1525,30.0,Male,North,2.0
526,CUST1526,68.0,Male,,2.0
527,CUST1527,63.0,Female,,3.0
528,CUST1528,43.0,Female,North,4.0
529,CUST1529,30.0,Female,,3.0
530,CUST1530,68.0,Other,,5.0
531,CUST1531,25.0,Male,South,2.0
532,CUST1532,44.0,Male,North,4.0
533,CUST1533,19.0,Other,East,1.0
534,CUST1534,43.0,Female,South,4.0
535,CUST1535,56.0,Male,South,3.0
536,CUST1536,42.0,Female,East,4.0
537,CUST1537,22.0,Female,,3.0
538,CUST1538,39.0,Female,East,2.0
539,CUST1539,20.0,Female,South,3.0
540,CUST1540,21.0,Other,North,1.0
541,CUST1541,41.0,Female,East,3.0
542,CUST1542,53.0,Female,South,4.0
543,CUST1543,57.0,Male,East,5.0
544,CUST1544,26.0,Male,,5.0
545,CUST1545,37.0,Female,South,4.0
546,CUST1546,46.0,Male,South,3.0
547,CUST1547,45.0,Male,North,2.0
548,CUST1548,39.0,Male,North,3.0
549,CUST1549,19.0,Male,South,5.0
550,CUST1550,52.0,Male,East,2.0
551,CUST1551,60.0,Male,South,3.0
552,CUST1552,55.0,Male,North,4.0
553,CUST1553,69.0,Male,East,2.0
554,CUST1554,42.0,Male,South,3.0
555,CUST1555,19.0,Female,East,1.0
556,CUST1556,36.0,Female,East,4.0
557,CUST1557,41.0,Other,South,4.0
558,CUST1558,36.0,Male,North,4.0
559,CUST1559,59.0,Male,South,2.0
560,CUST1560,38.0,Female,East,4.0
561,CUST1561,64.0,Male,East,3.0
562,CUST1562,51.0,Male,South,2.0
563,CUST1563,32.0,Male,,2.0
564,CUST1564,20.0,Female,South,3.0
565,CUST1565,31.0,Male,North,2.0
566,CUST1566,39.0,Male,South,3.0
567,CUST1567,46.0,Female,East,3.0
568,CUST1568,43.0,Female,South,3.0
569,CUST1569,18.0,Female,South,5.0
570,CUST1570,62.0,Female,North,3.0
571,CUST1571,64.0,Female,East,3.0
572,CUST1572,61.0,Male,North,3.0
573,CUST1573,56.0,Male,North,1.0
574,CUST1574,25.0,Male,North,3.0
575,CUST1575,19.0,Female,East,1.0
576,CUST1576,61.0,Female,South,1.0
577,CUST1577,43.0,Female,,2.0
578,CUST1578,18.0,Female,East,3.0
579,CUST1579,60.0,Female,South,3.0
580,CUST1580,53.0,Male,South,3.0
581,CUST1581,50.0,Female,East,4.0
582,CUST1582,31.0,Male,South,3.0
583,CUST1583,20.0,Male,East,2.0
584,CUST1584,46.0,Male,,3.0
585,CUST1585,63.0,Male,North,3.0
586,CUST1586,35.0,Male,South,1.0
587,CUST1587,21.0,Female,South,3.0
588,CUST1588,23.0,Female,South,2.0
589,CUST1589,46.0,Male,South,3.0
590,CUST1590,48.0,Female,North,2.0
591,CUST1591,18.0,Male,South,3.0
592,CUST1592,63.0,Female,,3.0
593,CUST1593,69.0,Female,,3.0
594,CUST1594,50.0,Male,East,1.0
595,CUST1595,20.0,Female,South,5.0
596,CUST1596,67.0,Female,North,3.0
597,CUST1597,42.0,Female,South,4.0
598,CUST1598,55.0,Female,,4.0
599,CUST1599,35.0,Female,East,1.0
600,CUST1600,27.0,Male,East,5.0
601,CUST1601,64.0,Female,South,4.0
602,CUST1602,26.0,Male,North,3.0
603,CUST1603,30.0,Female,East,1.0
604,CUST1604,22.0,Male,South,5.0
605,CUST1605,69.0,Female,,5.0
606,CUST1606,43.0,Male,,1.0
607,CUST1607,20.0,Female,South,3.0
608,CUST1608,20.0,Male,North,1.0
609,CUST1609,39.0,Female,North,1.0
610,CUST1610,60.0,Male,,2.0
611,CUST1611,62.0,Female,East,2.0
612,CUST1612,54.0,Male,South,3.0
613,CUST1613,22.0,Female,East,3.0
614,CUST1614,30.0,Female,South,3.0
615,CUST1615,51.0,Male,North,2.0
616,CUST1616,43.0,Female,South,5.0
617,CUST1617,46.0,Female,South,3.0
618,CUST1618,56.0,Male,North,4.0
619,CUST1619,20.0,Female,North,5.0
620,CUST1620,21.0,Other,North,4.0
621,CUST1621,26.0,Male,South,4.0
622,CUST1622,34.0,Male,East,3.0
623,CUST1623,29.0,Other,,3.0
624,CUST1624,52.0,Other,North,3.0
625,CUST1625,24.0,Other,North,3.0
626,CUST1626,36.0,Female,South,4.0
627,CUST1627,46.0,Female,,1.0
628,CUST1628,55.0,Male,North,2.0
629,CUST1629,21.0,Male,South,4.0
630,CUST1630,22.0,Female,North,1.0
631,CUST1631,31.0,Other,East,3.0
632,CUST1632,20.0,Male,East,3.0
633,CUST1633,19.0,Male,North,5.0
634,CUST1634,21.0,Female,East,4.0
635,CUST1635,30.0,Other,,3.0
636,CUST1636,29.0,Other,South,2.0
637,CUST1637,25.0,Female,South,1.0
638,CUST1638,67.0,Female,East,1.0
639,CUST1639,64.0,Male,South,2.0
640,CUST1640,34.0,Other,South,1.0
641,CUST1641,24.0,Male,South,3.0
642,CUST1642,28.0,Female,,4.0
643,CUST1643,45.0,Male,South,2.0
644,CUST1644,65.0,Female,North,4.0
645,CUST1645,22.0,Female,South,3.0
646,CUST1646,44.0,Female,,3.0
647,CUST1647,42.0,Male,North,2.0
648,CUST1648,67.0,Male,South,3.0
649,CUST1649,57.0,Female,East,1.0
650,CUST1650,68.0,Female,South,4.0
651,CUST1651,41.0,Female,North,2.0
652,CUST1652,31.0,Male,East,2.0
653,CUST1653,56.0,Male,South,2.0
654,CUST1654,48.0,Female,East,1.0
655,CUST1655,26.0,Female,,2.0
656,CUST1656,46.0,Male,North,4.0
657,CUST1657,50.0,Male,North,2.0
658,CUST1658,53.0,Male,North,1.0
659,CUST1659,27.0,Male,,4.0
660,CUST1660,51.0,Male,East,3.0
661,CUST1661,61.0,Male,East,4.0
662,CUST1662,26.0,Male,South,4.0
663,CUST1663,56.0,Male,North,1.0
664,CUST1664,43.0,Male,,3.0
665,CUST1665,43.0,Female,South,3.0
666,CUST1666,35.0,Female,,5.0
667,CUST1667,59.0,Female,North,3.0
668,CUST1668,64.0,Female,South,1.0
669,CUST1669,27.0,Male,,3.0
670,CUST1670,25.0,Female,East,3.0
671,CUST1671,58.0,Female,North,1.0
672,CUST1672,33.0,Female,East,3.0
673,CUST1673,53.0,Male,North,4.0
674,CUST1674,59.0,Female,East,3.0
675,CUST1675,58.0,Male,East,1.0
676,CUST1676,53.0,Male,North,2.0
677,CUST1677,59.0,Male,East,4.0
678,CUST1678,45.0,Male,East,4.0
679,CUST1679,55.0,Female,North,1.0
680,CUST1680,38.0,Female,South,4.0
681,CUST1681,36.0,Male,North,1.0
682,CUST1682,24.0,Female,North,1.0
683,CUST1683,29.0,Male,North,3.0
684,CUST1684,20.0,Female,North,3.0
685,CUST1685,48.0,Female,North,2.0
686,CUST1686,29.0,Other,South,4.0
687,CUST1687,19.0,Male,North,1.0
688,CUST1688,27.0,Male,East,3.0
689,CUST1689,58.0,Male,North,3.0
690,CUST1690,40.0,Female,North,4.0
691,CUST1691,35.0,Male,South,3.0
692,CUST1692,43.0,Male,South,2.0
693,CUST1693,67.0,Male,East,2.0
694,CUST1694,19.0,Female,,1.0
695,CUST1695,38.0,Female,South,1.0
696,CUST1696,65.0,Female,,1.0
697,CUST1697,51.0,Male,North,2.0
698,CUST1698,48.0,Male,South,1.0
699,CUST1699,47.0,Male,South,3.0
701,CUST1701,65.0,Other,East,3.0
702,CUST1702,67.0,Female,North,3.0
703,CUST1703,35.0,Male,,2.0
704,CUST1704,35.0,Female,South,2.0
705,CUST1705,45.0,Male,South,2.0
706,CUST1706,24.0,Male,North,3.0
707,CUST1707,58.0,Other,North,3.0
708,CUST1708,43.0,Male,South,3.0
709,CUST1709,69.0,Male,South,4.0
710,CUST1710,30.0,Female,,5.0
711,CUST1711,67.0,Other,South,3.0
712,CUST1712,43.0,Male,East,2.0
713,CUST1713,25.0,Male,East,3.0
714,CUST1714,50.0,Female,North,2.0
715,CUST1715,34.0,Male,South,2.0
716,CUST1716,27.0,Female,East,3.0
717,CUST1717,47.0,Male,North,4.0
718,CUST1718,48.0,Male,East,1.0
719,CUST1719,66.0,Female,South,5.0
720,CUST1720,68.0,Other,East,3.0
721,CUST1721,32.0,Male,,2.0
722,CUST1722,35.0,Female,North,2.0
723,CUST1723,25.0,Female,North,4.0
724,CUST1724,44.0,Male,East,2.0
725,CUST1725,51.0,Female,North,3.0
726,CUST1726,30.0,Female,North,5.0
727,CUST1727,41.0,Female,North,4.0
728,CUST1728,40.0,Female,South,2.0
729,CUST1729,54.0,Female,North,3.0
730,CUST1730,58.0,Other,South,3.0
731,CUST1731,29.0,Male,East,3.0
732,CUST1732,67.0,Female,South,4.0
733,CUST1733,58.0,Male,,1.0
734,CUST1734,69.0,Male,,2.0
735,CUST1735,65.0,Female,South,1.0
736,CUST1736,44.0,Female,North,4.0
737,CUST1737,56.0,Female,East,3.0
738,CUST1738,56.0,Male,North,3.0
739,CUST1739,22.0,Male,North,2.0
740,CUST1740,49.0,Female,South,5.0
741,CUST1741,66.0,Female,East,4.0
742,CUST1742,18.0,Male,South,5.0
743,CUST1743,64.0,Female,North,1.0
744,CUST1744,34.0,Female,East,3.0
745,CUST1745,59.0,Female,South,3.0
746,CUST1746,68.0,Female,South,4.0
747,CUST1747,40.0,Female,South,2.0
748,CUST1748,41.0,Female,South,3.0
749,CUST1749,65.0,Female,North,4.0
750,CUST1750,30.0,Female,North,3.0
751,CUST1751,43.0,Female,South,3.0
752,CUST1752,48.0,Male,East,4.0
753,CUST1753,37.0,Male,East,2.0
754,CUST1754,68.0,Female,North,1.0
755,CUST1755,56.0,Male,South,2.0
756,CUST1756,25.0,Female,North,2.0
757,CUST1757,35.0,Male,South,1.0
758,CUST1758,68.0,Female,South,1.0
759,CUST1759,47.0,Male,East,4.0
760,CUST1760,66.0,Male,East,3.0
761,CUST1761,69.0,Male,North,1.0
762,CUST1762,46.0,Female,North,3.0
763,CUST1763,69.0,Male,,3.0
764,CUST1764,40.0,Female,South,2.0
765,CUST1765,23.0,Male,,5.0
766,CUST1766,44.0,Female,East,2.0
767,CUST1767,28.0,Female,East,3.0
768,CUST1768,44.0,Female,,3.0
769,CUST1769,41.0,Female,South,2.0
770,CUST1770,43.0,Female,North,1.0
771,CUST1771,34.0,Male,North,3.0
772,CUST1772,47.0,Male,South,1.0
773,CUST1773,51.0,Female,North,5.0
774,CUST1774,18.0,Female,East,2.0
775,CUST1775,57.0,Male,South,2.0
776,CUST1776,43.0,Male,South,3.0
777,CUST1777,18.0,Male,North,3.0
778,CUST1778,25.0,Male,North,2.0
779,CUST1779,45.0,Female,South,3.0
780,CUST1780,36.0,Female,East,4.0
781,CUST1781,48.0,Male,East,1.0
782,CUST1782,22.0,Male,South,1.0
783,CUST1783,49.0,Male,North,3.0
784,CUST1784,41.0,Female,,2.0
785,CUST1785,53.0,Other,South,3.0
786,CUST1786,57.0,Male,South,3.0
787,CUST1787,21.0,Male,North,1.0
788,CUST1788,60.0,Male,East,4.0
789,CUST1789,42.0,Male,North,4.0
790,CUST1790,51.0,Male,North,5.0
791,CUST1791,57.0,Female,,3.0
792,CUST1792,48.0,Female,East,4.0
793,CUST1793,43.0,Male,South,4.0
794,CUST1794,41.0,Female,North,3.0
795,CUST1795,67.0,Male,North,2.0
796,CUST1796,64.0,Female,South,1.0
797,CUST1797,40.0,Male,South,3.0
798,CUST1798,56.0,Female,East,2.0
799,CUST1799,52.0,Male,South,2.0
800,CUST1800,60.0,Male,South,2.0
801,CUST1801,51.0,Other,South,4.0
802,CUST1802,22.0,Male,South,5.0
803,CUST1803,62.0,Female,South,4.0
804,CUST1804,20.0,Female,East,4.0
805,CUST1805,24.0,Other,North,3.0
806,CUST1806,46.0,Male,East,1.0
807,CUST1807,18.0,Other,South,1.0
808,CUST1808,46.0,Other,East,5.0
809,CUST1809,48.0,Female,North,1.0
810,CUST1810,39.0,Male,East,3.0
811,CUST1811,28.0,Other,East,3.0
812,CUST1812,66.0,Female,,1.0
813,CUST1813,45.0,Other,North,2.0
814,CUST1814,43.0,Other,North,3.0
815,CUST1815,36.0,Male,North,3.0
816,CUST1816,55.0,Female,South,3.0
817,CUST1817,64.0,Female,East,3.0
818,CUST1818,22.0,Female,East,2.0
819,CUST1819,40.0,Female,North,1.0
820,CUST1820,66.0,Male,,3.0
821,CUST1821,21.0,Female,South,2.0
822,CUST1822,38.0,Other,East,3.0
823,CUST1823,21.0,Female,North,1.0
824,CUST1824,40.0,Male,South,2.0
825,CUST1825,43.0,Male,,3.0
826,CUST1826,32.0,Male,East,3.0
827,CUST1827,34.0,Female,North,2.0
828,CUST1828,19.0,Female,,4.0
829,CUST1829,28.0,Female,North,3.0
830,CUST1830,67.0,Female,,5.0
831,CUST1831,22.0,Male,East,2.0
832,CUST1832,46.0,Male,,3.0
833,CUST1833,42.0,Female,East,5.0
834,CUST1834,19.0,Male,North,3.0
835,CUST1835,49.0,Female,North,3.0
836,CUST1836,69.0,Female,,1.0
837,CUST1837,47.0,Female,South,3.0
838,CUST1838,54.0,Female,South,4.0
839,CUST1839,31.0,Male,South,4.0
840,CUST1840,68.0,Male,,5.0
841,CUST1841,37.0,Male,North,1.0
842,CUST1842,42.0,Other,South,4.0
843,CUST1843,33.0,Female,,4.0
844,CUST1844,27.0,Male,East,2.0
845,CUST1845,31.0,Male,,3.0
846,CUST1846,41.0,Other,,3.0
847,CUST1847,60.0,Female,East,1.0
848,CUST1848,46.0,Other,East,3.0
849,CUST1849,30.0,Female,,3.0
850,CUST1850,42.0,Other,East,1.0
851,CUST1851,40.0,Male,East,4.0
852,CUST1852,43.0,Female,East,3.0
853,CUST1853,50.0,Male,East,3.0
854,CUST1854,49.0,Male,South,1.0
855,CUST1855,55.0,Male,East,3.0
856,CUST1856,65.0,Other,South,4.0
857,CUST1857,57.0,Other,North,3.0
858,CUST1858,43.0,Male,North,1.0
859,CUST1859,69.0,Male,North,3.0
860,CUST1860,66.0,Male,East,3.0
861,CUST1861,20.0,Other,East,4.0
862,CUST1862,19.0,Male,North,3.0
863,CUST1863,60.0,Male,North,1.0
864,CUST1864,50.0,Female,East,3.0
865,CUST1865,52.0,Female,South,1.0
866,CUST1866,58.0,Male,East,2.0
867,CUST1867,50.0,Female,East,5.0
868,CUST1868,55.0,Other,East,3.0
869,CUST1869,46.0,Male,South,5.0
870,CUST1870,60.0,Male,South,3.0
871,CUST1871,69.0,Male,East,3.0
872,CUST1872,50.0,Female,North,1.0
873,CUST1873,33.0,Female,East,4.0
874,CUST1874,65.0,Male,South,4.0
875,CUST1875,26.0,Male,East,2.0
876,CUST1876,29.0,Male,North,1.0
877,CUST1877,22.0,Female,,3.0
878,CUST1878,58.0,Female,South,1.0
879,CUST1879,47.0,Other,East,1.0
880,CUST1880,46.0,Male,North,4.0
881,CUST1881,59.0,Male,East,3.0
882,CUST1882,56.0,Male,North,3.0
883,CUST1883,36.0,Female,South,4.0
884,CUST1884,39.0,Female,,4.0
885,CUST1885,44.0,Female,East,2.0
886,CUST1886,29.0,Female,North,3.0
887,CUST1887,27.0,Other,East,3.0
888,CUST1888,32.0,Male,East,2.0
889,CUST1889,43.0,Male,North,2.0
890,CUST1890,29.0,Male,South,3.0
891,CUST1891,47.0,Female,North,2.0
892,CUST1892,69.0,Male,East,4.0
893,CUST1893,47.0,Male,South,2.0
894,CUST1894,24.0,Other,East,3.0
895,CUST1895,66.0,Female,South,3.0
896,CUST1896,68.0,Male,South,4.0
897,CUST1897,56.0,Other,North,4.0
898,CUST1898,28.0,Other,,2.0
899,CUST1899,63.0,Male,East,1.0
900,CUST1900,60.0,Female,South,3.0
901,CUST1901,36.0,Female,East,3.0
902,CUST1902,69.0,Male,East,3.0
903,CUST1903,20.0,Male,South,1.0
904,CUST1904,55.0,Female,South,1.0
905,CUST1905,53.0,Male,,5.0
906,CUST1906,43.0,Male,,2.0
907,CUST1907,51.0,Male,East,5.0
908,CUST1908,48.0,Male,South,2.0
909,CUST1909,41.0,Female,North,3.0
910,CUST1910,68.0,Female,North,2.0
911,CUST1911,43.0,Male,North,2.0
912,CUST1912,69.0,Female,North,4.0
913,CUST1913,38.0,Male,North,3.0
914,CUST1914,38.0,Male,East,4.0
915,CUST1915,64.0,Female,,3.0
916,CUST1916,61.0,Female,East,1.0
917,CUST1917,35.0,Male,East,2.0
918,CUST1918,68.0,Male,South,4.0
919,CUST1919,35.0,Male,East,3.0
920,CUST1920,22.0,Male,North,3.0
921,CUST1921,26.0,Male,East,4.0
922,CUST1922,41.0,Other,East,4.0
923,CUST1923,36.0,Other,East,2.0
924,CUST1924,19.0,Male,South,4.0
925,CUST1925,49.0,Female,,1.0
926,CUST1926,56.0,Male,South,3.0
927,CUST1927,32.0,Male,North,5.0
928,CUST1928,21.0,Female,South,1.0
929,CUST1929,34.0,Other,North,4.0
930,CUST1930,35.0,Female,,3.0
931,CUST1931,25.0,Male,North,1.0
932,CUST1932,19.0,Male,North,4.0
933,CUST1933,21.0,Male,North,2.0
934,CUST1934,42.0,Male,North,2.0
935,CUST1935,27.0,Male,South,5.0
936,CUST1936,66.0,Male,South,4.0
937,CUST1937,27.0,Female,East,4.0
938,CUST1938,41.0,Other,South,3.0
939,CUST1939,69.0,Female,North,4.0
940,CUST1940,48.0,Female,North,3.0
941,CUST1941,63.0,Female,North,5.0
942,CUST1942,38.0,Male,East,4.0
943,CUST1943,46.0,Male,South,3.0
944,CUST1944,44.0,Female,North,3.0
945,CUST1945,64.0,Female,East,2.0
946,CUST1946,54.0,Other,North,1.0
947,CUST1947,22.0,Male,,3.0
948,CUST1948,52.0,Other,,3.0
949,CUST1949,63.0,Male,North,3.0
950,CUST1950,58.0,Female,South,5.0
951,CUST1951,34.0,Female,South,3.0
952,CUST1952,54.0,Male,East,3.0
953,CUST1953,39.0,Male,South,5.0
954,CUST1954,33.0,Female,,2.0
955,CUST1955,47.0,Female,South,3.0
956,CUST1956,49.0,Male,East,3.0
957,CUST1957,67.0,Male,South,5.0
958,CUST1958,64.0,Male,North,3.0
959,CUST1959,51.0,Female,North,3.0
960,CUST1960,53.0,Female,,5.0
961,CUST1961,29.0,Female,,4.0
962,CUST1962,45.0,Male,North,2.0
963,CUST1963,48.0,Female,,3.0
964,CUST1964,46.0,Male,North,2.0
965,CUST1965,43.0,Male,East,4.0
966,CUST1966,27.0,Female,East,4.0
967,CUST1967,61.0,Female,North,5.0
968,CUST1968,19.0,Female,North,2.0
969,CUST1969,56.0,Female,South,3.0
970,CUST1970,23.0,Other,North,3.0
971,CUST1971,26.0,Male,South,3.0
972,CUST1972,42.0,Female,East,3.0
973,CUST1973,33.0,Male,,1.0
974,CUST1974,56.0,Female,South,5.0
975,CUST1975,18.0,Male,South,1.0
976,CUST1976,59.0,Female,East,3.0
977,CUST1977,68.0,Male,South,5.0
978,CUST1978,31.0,Male,South,3.0
979,CUST1979,45.0,Female,South,3.0
980,CUST1980,56.0,Female,North,2.0
981,CUST1981,68.0,Female,,3.0
982,CUST1982,42.0,Male,East,3.0
983,CUST1983,52.0,Male,East,2.0
984,CUST1984,50.0,Female,East,5.0
985,CUST1985,30.0,Other,East,3.0
986,CUST1986,67.0,Female,,4.0
987,CUST1987,20.0,Male,North,4.0
988,CUST1988,32.0,Male,South,3.0
989,CUST1989,22.0,Male,East,3.0
990,CUST1990,45.0,Male,,3.0
991,CUST1991,29.0,Female,East,2.0
992,CUST1992,37.0,Male,North,1.0
993,CUST1993,27.0,Female,North,2.0
994,CUST1994,44.0,Male,South,5.0
995,CUST1995,36.0,Male,North,4.0
996,CUST1996,32.0,Female,North,3.0
997,CUST1997,63.0,Male,East,2.0
998,CUST1998,50.0,Male,,1.0
999,CUST1999,43.0,Male,East,4.0
1000,CUST2000,47.0,Male,North,2.0
1001,CUST2001,40.0,Male,North,4.0
1002,CUST2002,62.0,Female,East,5.0
1003,CUST2003,23.0,Other,East,3.0
1004,CUST2004,67.0,Male,South,3.0
1005,CUST2005,47.0,Male,,5.0
1006,CUST2006,26.0,Male,,1.0
1007,CUST2007,40.0,Male,East,5.0
1008,CUST2008,26.0,Male,South,5.0
1009,CUST2009,38.0,Female,South,4.0
1010,CUST2010,61.0,Female,,2.0
1011,CUST2011,54.0,Female,North,3.0
1012,CUST2012,54.0,Female,South,2.0
1013,CUST2013,67.0,Female,South,5.0
1014,CUST2014,22.0,Other,South,4.0
1015,CUST2015,36.0,Male,South,2.0
1016,CUST2016,29.0,Female,South,1.0
1017,CUST2017,55.0,Female,North,5.0
1018,CUST2018,53.0,Female,East,4.0
1019,CUST2019,69.0,Female,South,4.0
1020,CUST2020,54.0,Male,,3.0
1021,CUST2021,32.0,Male,,2.0
1022,CUST2022,54.0,Male,,3.0
1023,CUST2023,59.0,Female,,3.0
1024,CUST2024,32.0,Male,East,1.0
1025,CUST2025,47.0,Other,,2.0
1026,CUST2026,53.0,Female,South,2.0
1027,CUST2027,46.0,Male,South,2.0
1028,CUST2028,48.0,Male,South,5.0
1029,CUST2029,33.0,Female,North,3.0
1030,CUST2030,26.0,Male,East,5.0
1031,CUST2031,55.0,Other,North,2.0
1032,CUST2032,43.0,Female,,4.0
1033,CUST2033,51.0,Male,East,3.0
1034,CUST2034,46.0,Female,,3.0
1035,CUST2035,51.0,Female,South,4.0
1036,CUST2036,41.0,Female,South,1.0
1037,CUST2037,56.0,Male,South,5.0
1038,CUST2038,61.0,Female,South,4.0
1039,CUST2039,38.0,Male,,2.0
1040,CUST2040,27.0,Male,South,2.0
1041,CUST2041,43.0,Female,North,2.0
1042,CUST2042,39.0,Male,North,5.0
1043,CUST2043,36.0,Female,,4.0
1044,CUST2044,43.0,Male,East,5.0
1045,CUST2045,65.0,Female,North,2.0
1046,CUST2046,45.0,Female,South,5.0
1047,CUST2047,59.0,Female,North,4.0
1048,CUST2048,66.0,Other,North,3.0
1049,CUST2049,69.0,Other,,3.0
1050,CUST2050,47.0,Other,,3.0
1051,CUST2051,55.0,Female,North,5.0
1052,CUST2052,28.0,Female,South,3.0
1053,CUST2053,29.0,Female,South,3.0
1054,CUST2054,31.0,Male,South,5.0
1055,CUST2055,29.0,Male,South,3.0
1056,CUST2056,52.0,Female,North,1.0
1057,CUST2057,48.0,Male,North,2.0
1058,CUST2058,65.0,Male,,2.0
1059,CUST2059,52.0,Female,South,4.0
1060,CUST2060,40.0,Male,South,2.0
1061,CUST2061,25.0,Female,North,1.0
1062,CUST2062,20.0,Other,South,3.0
1063,CUST2063,33.0,Female,North,2.0
1064,CUST2064,43.0,Male,South,3.0
1065,CUST2065,58.0,Female,North,1.0
1066,CUST2066,56.0,Male,South,4.0
1067,CUST2067,64.0,Male,South,1.0
1068,CUST2068,47.0,Female,East,3.0
1069,CUST2069,44.0,Female,,3.0
1070,CUST2070,27.0,Female,East,2.0
1071,CUST2071,42.0,Female,South,3.0
1072,CUST2072,30.0,Female,North,3.0
1073,CUST2073,66.0,Male,,3.0
1074,CUST2074,45.0,Female,South,3.0
1075,CUST2075,30.0,Female,North,3.0
1076,CUST2076,48.0,Male,North,2.0
1077,CUST2077,62.0,Female,,1.0
1078,CUST2078,31.0,Female,,2.0
1079,CUST2079,59.0,Male,East,2.0
1080,CUST2080,26.0,Female,South,5.0
1081,CUST2081,69.0,Male,East,3.0
1082,CUST2082,30.0,Female,North,1.0
1083,CUST2083,59.0,Male,,2.0
1084,CUST2084,22.0,Female,,4.0
1085,CUST2085,32.0,Female,,2.0
1086,CUST2086,53.0,Female,North,1.0
1087,CUST2087,38.0,Female,North,3.0
1088,CUST2088,49.0,Male,,4.0
1089,CUST2089,56.0,Other,,3.0
1090,CUST2090,63.0,Other,North,4.0
1091,CUST2091,28.0,Female,South,3.0
1092,CUST2092,20.0,Female,,4.0
1093,CUST2093,19.0,Female,South,1.0
1094,CUST2094,52.0,Male,South,3.0
1095,CUST2095,66.0,Female,North,3.0
1097,CUST2097,47.0,Other,North,4.0
1098,CUST2098,43.0,Male,South,1.0
1099,CUST2099,32.0,Male,South,3.0
1100,CUST2100,44.0,Male,East,3.0
1101,CUST2101,43.0,Female,,1.0
1102,CUST2102,53.0,Female,South,2.0
1103,CUST2103,58.0,Female,South,5.0
1104,CUST2104,37.0,Male,,5.0
1105,CUST2105,57.0,Female,East,5.0
1106,CUST2106,22.0,Male,,2.0
1107,CUST2107,35.0,Female,South,2.0
1108,CUST2108,34.0,Female,East,1.0
1109,CUST2109,30.0,Female,East,4.0
1110,CUST2110,58.0,Male,North,2.0
1111,CUST2111,28.0,Female,South,3.0
1112,CUST2112,43.0,Female,,4.0
1113,CUST2113,43.0,Female,East,5.0
1114,CUST2114,22.0,Male,East,5.0
1115,CUST2115,38.0,Female,East,3.0
1116,CUST2116,60.0,Male,East,1.0
1117,CUST2117,51.0,Female,North,4.0
1118,CUST2118,30.0,Male,South,3.0
1119,CUST2119,20.0,Male,North,4.0
1120,CUST2120,69.0,Other,South,2.0
1121,CUST2121,36.0,Female,East,1.0
1122,CUST2122,34.0,Female,South,1.0
1123,CUST2123,57.0,Male,North,2.0
1124,CUST2124,65.0,Female,South,3.0
1125,CUST2125,45.0,Male,North,1.0
1126,CUST2126,40.0,Male,,3.0
1127,CUST2127,22.0,Male,North,3.0
1128,CUST2128,32.0,Female,South,3.0
1129,CUST2129,34.0,Other,,3.0
1130,CUST2130,34.0,Female,North,4.0
1131,CUST2131,59.0,Male,North,4.0
1132,CUST2132,62.0,Male,North,5.0
1133,CUST2133,62.0,Other,South,2.0
1134,CUST2134,58.0,Male,North,1.0
1135,CUST2135,39.0,Female,South,3.0
1136,CUST2136,59.0,Female,,4.0
1137,CUST2137,57.0,Male,,2.0
1138,CUST2138,25.0,Female,South,3.0
1139,CUST2139,66.0,Male,South,4.0
1140,CUST2140,45.0,Female,East,3.0
1141,CUST2141,46.0,Male,East,1.0
1142,CUST2142,62.0,Male,East,1.0
1143,CUST2143,21.0,Male,South,4.0
1144,CUST2144,31.0,Male,,3.0
1145,CUST2145,36.0,Male,East,2.0
1146,CUST2146,35.0,Female,North,3.0
1147,CUST2147,29.0,Male,South,1.0
1148,CUST2148,42.0,Female,North,3.0
1149,CUST2149,21.0,Male,North,3.0
1150,CUST2150,59.0,Female,,1.0
1151,CUST2151,44.0,Female,East,3.0
1152,CUST2152,48.0,Female,South,3.0
1153,CUST2153,66.0,Female,East,2.0
1154,CUST2154,22.0,Female,,4.0
1155,CUST2155,38.0,Female,North,1.0
1156,CUST2156,64.0,Male,North,5.0
1157,CUST2157,33.0,Female,South,3.0
1158,CUST2158,22.0,Male,South,3.0
1159,CUST2159,68.0,Male,,4.0
1160,CUST2160,57.0,Other,North,3.0
1161,CUST2161,64.0,Male,South,5.0
1162,CUST2162,41.0,Female,South,2.0
1163,CUST2163,34.0,Male,East,3.0
1164,CUST2164,25.0,Male,,1.0
1165,CUST2165,19.0,Female,East,3.0
1166,CUST2166,37.0,Female,South,2.0
1167,CUST2167,51.0,Male,,3.0
1168,CUST2168,24.0,Male,South,5.0
1169,CUST2169,46.0,Male,East,2.0
1170,CUST2170,59.0,Male,North,4.0
1171,CUST2171,68.0,Male,North,3.0
1172,CUST2172,23.0,Male,East,3.0
1173,CUST2173,54.0,Other,,5.0
1174,CUST2174,32.0,Female,East,1.0
1175,CUST2175,22.0,Male,South,3.0
1176,CUST2176,19.0,Female,East,2.0
1177,CUST2177,60.0,Female,South,3.0
1178,CUST2178,63.0,Male,North,3.0
1179,CUST2179,61.0,Male,,3.0
1180,CUST2180,39.0,Female,North,4.0
1181,CUST2181,43.0,Male,North,3.0
1182,CUST2182,43.0,Female,,4.0
1183,CUST2183,21.0,Male,South,3.0
1184,CUST2184,64.0,Male,North,1.0
1185,CUST2185,43.0,Female,North,2.0
1186,CUST2186,41.0,Male,East,3.0
1187,CUST2187,41.0,Other,South,1.0
1188,CUST2188,32.0,Female,East,3.0
1189,CUST2189,31.0,Female,East,2.0
1190,CUST2190,42.0,Other,East,3.0
1191,CUST2191,31.0,Female,South,1.0
1192,CUST2192,39.0,Male,South,4.0
1193,CUST2193,60.0,Female,East,2.0
1194,CUST2194,29.0,Male,East,2.0
1195,CUST2195,31.0,Male,East,4.0
1196,CUST2196,46.0,Female,South,1.0
1197,CUST2197,55.0,Male,South,2.0
1198,CUST2198,18.0,Female,South,2.0
1199,CUST2199,54.0,Female,,2.0
1200,CUST2200,60.0,Male,North,4.0
1201,CUST2201,43.0,Female,North,1.0
1202,CUST2202,31.0,Female,South,3.0
1203,CUST2203,51.0,Female,North,4.0
1204,CUST2204,38.0,Female,South,3.0
1205,CUST2205,46.0,Female,East,4.0
1206,CUST2206,60.0,Male,South,3.0
1207,CUST2207,37.0,Female,North,4.0
1208,CUST2208,38.0,Other,South,3.0
1209,CUST2209,54.0,Female,,5.0
1210,CUST2210,47.0,Other,South,4.0
1211,CUST2211,55.0,Other,,3.0
1212,CUST2212,38.0,Male,North,5.0
1213,CUST2213,48.0,Male,South,1.0
1214,CUST2214,62.0,Female,East,3.0
1215,CUST2215,54.0,Male,North,4.0
1216,CUST2216,63.0,Female,East,4.0
1217,CUST2217,46.0,Male,North,3.0
1218,CUST2218,68.0,Female,North,2.0
1219,CUST2219,67.0,Male,East,4.0
1220,CUST2220,53.0,Male,East,2.0
1221,CUST2221,43.0,Female,North,1.0
1222,CUST2222,43.0,Male,,4.0
1223,CUST2223,43.0,Male,South,4.0
1224,CUST2224,43.0,Male,South,2.0
1225,CUST2225,56.0,Other,North,3.0
1226,CUST2226,29.0,Male,East,4.0
1227,CUST2227,56.0,Male,North,4.0
1228,CUST2228,61.0,Male,South,3.0
1229,CUST2229,28.0,Female,East,3.0
1230,CUST2230,45.0,Male,East,1.0
1231,CUST2231,66.0,Female,South,3.0
1232,CUST2232,42.0,Female,North,2.0
1233,CUST2233,42.0,Female,South,4.0
1234,CUST2234,55.0,Female,South,1.0
1235,CUST2235,42.0,Female,North,1.0
1236,CUST2236,39.0,Male,South,1.0
1237,CUST2237,21.0,Female,North,3.0
1238,CUST2238,19.0,Other,East,2.0
1239,CUST2239,69.0,Male,South,1.0
1240,CUST2240,27.0,Male,North,3.0
1241,CUST2241,42.0,Female,South,3.0
1242,CUST2242,50.0,Male,North,4.0
1243,CUST2243,68.0,Female,,3.0
1244,CUST2244,61.0,Male,South,3.0
1245,CUST2245,43.0,Female,South,2.0
1246,CUST2246,24.0,Female,South,5.0
1247,CUST2247,68.0,Other,South,5.0
1248,CUST2248,58.0,Female,South,3.0
1249,CUST2249,36.0,Female,North,5.0
1250,CUST2250,36.0,Female,North,4.0
1251,CUST2251,58.0,Male,North,1.0
1252,CUST2252,50.0,Female,North,1.0
1253,CUST2253,60.0,Female,,3.0
1254,CUST2254,32.0,Male,East,1.0
1255,CUST2255,26.0,Male,North,1.0
1256,CUST2256,30.0,Female,East,4.0
1257,CUST2257,69.0,Male,South,3.0
1258,CUST2258,47.0,Male,South,4.0
1259,CUST2259,38.0,Male,East,4.0
1260,CUST2260,43.0,Female,South,4.0
1261,CUST2261,43.0,Female,East,4.0
1262,CUST2262,55.0,Female,North,4.0
1263,CUST2263,18.0,Female,North,4.0
1264,CUST2264,53.0,Female,,4.0
1265,CUST2265,65.0,Other,East,3.0
1266,CUST2266,36.0,Female,South,2.0
1267,CUST2267,52.0,Female,North,1.0
1268,CUST2268,44.0,Female,South,3.0
1269,CUST2269,39.0,Female,North,1.0
1270,CUST2270,51.0,Female,,3.0
1271,CUST2271,67.0,Female,,4.0
1272,CUST2272,34.0,Male,,3.0
1273,CUST2273,50.0,Male,South,5.0
1274,CUST2274,28.0,Male,East,1.0
1275,CUST2275,59.0,Male,East,4.0
1276,CUST2276,67.0,Female,South,3.0
1277,CUST2277,59.0,Female,South,4.0
1278,CUST2278,64.0,Male,East,3.0
1279,CUST2279,31.0,Male,East,3.0
1280,CUST2280,68.0,Other,East,3.0
1281,CUST2281,55.0,Male,East,3.0
1282,CUST2282,55.0,Female,,5.0
1283,CUST2283,68.0,Other,North,5.0
1284,CUST2284,20.0,Other,South,3.0
1285,CUST2285,44.0,Male,South,3.0
1286,CUST2286,43.0,Female,North,3.0
1287,CUST2287,42.0,Male,North,3.0
1288,CUST2288,47.0,Female,North,2.0
1289,CUST2289,49.0,Male,South,2.0
1290,CUST2290,65.0,Male,East,3.0
1291,CUST2291,29.0,Male,North,4.0
1292,CUST2292,48.0,Female,North,2.0
1293,CUST2293,33.0,Female,,1.0
1294,CUST2294,49.0,Female,North,4.0
1295,CUST2295,38.0,Male,East,1.0
1296,CUST2296,22.0,Female,North,3.0
1297,CUST2297,36.0,Female,South,1.0
1298,CUST2298,28.0,Male,North,1.0
1299,CUST2299,38.0,Male,South,1.0
1300,CUST2300,27.0,Other,North,4.0
1301,CUST2301,64.0,Male,South,2.0
1302,CUST2302,46.0,Male,North,2.0
1303,CUST2303,25.0,Male,,1.0
1304,CUST2304,63.0,Male,South,3.0
1305,CUST2305,68.0,Female,South,5.0
1306,CUST2306,49.0,Female,South,3.0
1307,CUST2307,62.0,Female,North,3.0
1308,CUST2308,25.0,Male,East,2.0
1309,CUST2309,69.0,Male,North,3.0
1310,CUST2310,65.0,Male,South,4.0
1311,CUST2311,61.0,Male,South,2.0
1312,CUST2312,21.0,Male,South,2.0
1313,CUST2313,25.0,Female,East,4.0
1314,CUST2314,67.0,Male,East,3.0
1315,CUST2315,64.0,Female,,3.0
1316,CUST2316,29.0,Male,South,3.0
1317,CUST2317,57.0,Female,,5.0
1318,CUST2318,38.0,Male,East,4.0
1319,CUST2319,54.0,Male,South,3.0
1320,CUST2320,66.0,Male,East,2.0
1321,CUST2321,45.0,Female,South,4.0
1322,CUST2322,43.0,Female,East,1.0
1323,CUST2323,36.0,Male,East,4.0
1324,CUST2324,21.0,Female,,4.0
1325,CUST2325,30.0,Female,,3.0
1326,CUST2326,43.0,Female,,1.0
1327,CUST2327,50.0,Female,South,4.0
1328,CUST2328,31.0,Female,North,3.0
1329,CUST2329,19.0,Other,East,3.0
1330,CUST2330,20.0,Male,East,4.0
1331,CUST2331,57.0,Female,,4.0
1332,CUST2332,30.0,Male,North,2.0
1333,CUST2333,30.0,Female,North,4.0
1334,CUST2334,56.0,Male,East,3.0
1335,CUST2335,36.0,Female,East,4.0
1336,CUST2336,55.0,Male,East,3.0
1337,CUST2337,65.0,Female,North,2.0
1338,CUST2338,45.0,Male,North,4.0
1339,CUST2339,36.0,Male,South,3.0
1340,CUST2340,50.0,Female,East,2.0
1341,CUST2341,58.0,Male,East,5.0
1342,CUST2342,29.0,Female,,3.0
1343,CUST2343,60.0,Female,North,3.0
1344,CUST2344,46.0,Female,South,5.0
1345,CUST2345,61.0,Male,North,5.0
1346,CUST2346,33.0,Female,South,2.0
1347,CUST2347,41.0,Male,North,2.0
1348,CUST2348,58.0,Female,East,3.0
1349,CUST2349,26.0,Male,,3.0
1350,CUST2350,66.0,Male,South,3.0
1351,CUST2351,28.0,Female,East,3.0
1352,CUST2352,64.0,Male,South,3.0
1353,CUST2353,23.0,Male,North,3.0
1354,CUST2354,22.0,Other,North,5.0
1355,CUST2355,32.0,Male,South,1.0
1356,CUST2356,28.0,Male,East,5.0
1357,CUST2357,49.0,Male,,3.0
1358,CUST2358,19.0,Female,North,3.0
1359,CUST2359,25.0,Male,,3.0
1360,CUST2360,43.0,Male,East,3.0
1361,CUST2361,39.0,Male,East,3.0
1362,CUST2362,18.0,Female,North,3.0
1363,CUST2363,59.0,Other,East,2.0
1364,CUST2364,26.0,Male,North,5.0
1365,CUST2365,50.0,Female,East,3.0
1366,CUST2366,48.0,Male,North,2.0
1367,CUST2367,40.0,Male,,2.0
1368,CUST2368,22.0,Male,South,1.0
1369,CUST2369,33.0,Male,North,2.0
1370,CUST2370,61.0,Other,South,3.0
1371,CUST2371,28.0,Male,South,4.0
1372,CUST2372,43.0,Male,North,3.0
1373,CUST2373,35.0,Female,East,3.0
1374,CUST2374,58.0,Male,East,1.0
1375,CUST2375,60.0,Male,North,4.0
1376,CUST2376,20.0,Male,,3.0
1377,CUST2377,50.0,Female,East,4.0
1378,CUST2378,24.0,Male,,2.0
1379,CUST2379,24.0,Female,East,2.0
1380,CUST2380,69.0,Male,,1.0
1381,CUST2381,51.0,Female,,3.0
1382,CUST2382,38.0,Female,South,4.0
1383,CUST2383,51.0,Male,North,3.0
1384,CUST2384,61.0,Female,,4.0
1385,CUST2385,59.0,Male,East,5.0
1386,CUST2386,58.0,Male,East,3.0
1387,CUST2387,64.0,Male,,5.0
1388,CUST2388,21.0,Male,North,3.0
1389,CUST2389,27.0,Female,South,3.0
1390,CUST2390,57.0,Male,North,5.0
1391,CUST2391,48.0,Female,North,3.0
1392,CUST2392,49.0,Male,East,3.0
1393,CUST2393,35.0,Male,East,2.0
1394,CUST2394,59.0,Female,South,3.0
1395,CUST2395,44.0,Other,South,1.0
1396,CUST2396,51.0,Male,South,2.0
1397,CUST2397,27.0,Other,North,1.0
1398,CUST2398,60.0,Other,North,3.0
1399,CUST2399,34.0,Male,,2.0
1400,CUST2400,31.0,Female,South,4.0
1401,CUST2401,67.0,Female,North,3.0
1402,CUST2402,31.0,Male,South,3.0
1403,CUST2403,41.0,Male,South,3.0
1404,CUST2404,33.0,Male,East,3.0
1405,CUST2405,43.0,Other,South,5.0
1406,CUST2406,18.0,Male,East,4.0
1407,CUST2407,43.0,Female,North,3.0
1408,CUST2408,57.0,Male,East,3.0
1409,CUST2409,58.0,Female,South,3.0
1410,CUST2410,46.0,Male,East,4.0
1411,CUST2411,62.0,Other,North,3.0
1412,CUST2412,52.0,Other,North,3.0
1413,CUST2413,48.0,Other,East,3.0
1414,CUST2414,46.0,Female,South,3.0
1415,CUST2415,46.0,Other,East,1.0
1416,CUST2416,20.0,Female,East,4.0
1417,CUST2417,51.0,Female,East,3.0
1418,CUST2418,68.0,Male,North,4.0
1419,CUST2419,23.0,Male,South,5.0
1420,CUST2420,38.0,Female,South,4.0
1421,CUST2421,35.0,Male,East,1.0
1422,CUST2422,66.0,Male,East,2.0
1423,CUST2423,36.0,Female,North,1.0
1424,CUST2424,61.0,Male,East,4.0
1425,CUST2425,65.0,Female,South,3.0
1426,CUST2426,43.0,Male,North,3.0
1427,CUST2427,64.0,Male,South,3.0
1428,CUST2428,47.0,Male,,2.0
1429,CUST2429,25.0,Male,East,5.0
1430,CUST2430,59.0,Male,,1.0
1431,CUST2431,18.0,Male,,3.0
1432,CUST2432,64.0,Female,North,2.0
1433,CUST2433,43.0,Male,North,2.0
1434,CUST2434,26.0,Male,North,5.0
1435,CUST2435,62.0,Female,East,3.0
1436,CUST2436,43.0,Male,South,4.0
1437,CUST2437,56.0,Male,South,3.0
1438,CUST2438,66.0,Male,North,3.0
1439,CUST2439,64.0,Female,,1.0
1440,CUST2440,46.0,Female,North,2.0
1441,CUST2441,44.0,Male,North,2.0
1442,CUST2442,31.0,Female,,2.0
1443,CUST2443,22.0,Female,South,3.0
1444,CUST2444,50.0,Male,South,4.0
1445,CUST2445,45.0,Female,South,5.0
1446,CUST2446,61.0,Male,South,3.0
1447,CUST2447,66.0,Female,East,3.0
1448,CUST2448,59.0,Other,East,2.0
1449,CUST2449,67.0,Male,South,3.0
1450,CUST2450,39.0,Male,North,5.0
1451,CUST2451,57.0,Other,North,5.0
1452,CUST2452,37.0,Other,North,4.0
1453,CUST2453,39.0,Female,North,4.0
1454,CUST2454,33.0,Male,North,3.0
1455,CUST2455,19.0,Male,East,1.0
1456,CUST2456,46.0,Female,,2.0
1457,CUST2457,45.0,Male,East,3.0
1458,CUST2458,40.0,Male,East,2.0
1459,CUST2459,47.0,Other,East,4.0
1460,CUST2460,30.0,Female,South,3.0
1461,CUST2461,65.0,Other,,2.0
1462,CUST2462,24.0,Male,,5.0
1463,CUST2463,25.0,Other,South,2.0
1464,CUST2464,43.0,Male,East,3.0
1465,CUST2465,26.0,Female,East,3.0
1466,CUST2466,22.0,Female,North,5.0
1467,CUST2467,18.0,Female,South,5.0
1468,CUST2468,51.0,Female,,3.0
1469,CUST2469,31.0,Male,North,5.0
1470,CUST2470,62.0,Female,North,1.0
1471,CUST2471,35.0,Male,North,1.0
1472,CUST2472,21.0,Male,South,3.0
1473,CUST2473,40.0,Female,South,3.0
1474,CUST2474,40.0,Other,,3.0
1475,CUST2475,35.0,Male,,3.0
1476,CUST2476,50.0,Female,North,2.0
1477,CUST2477,69.0,Female,,4.0
1478,CUST2478,54.0,Male,East,2.0
1479,CUST2479,35.0,Female,South,2.0
1480,CUST2480,48.0,Male,North,4.0
1481,CUST2481,58.0,Female,East,2.0
1482,CUST2482,29.0,Female,North,3.0
1483,CUST2483,31.0,Male,South,4.0
1484,CUST2484,60.0,Male,,5.0
1485,CUST2485,19.0,Male,South,2.0
1486,CUST2486,18.0,Male,North,2.0
1487,CUST2487,47.0,Male,South,5.0
1488,CUST2488,30.0,Female,East,5.0
1489,CUST2489,60.0,Female,,3.0
1490,CUST2490,44.0,Male,East,4.0
1491,CUST2491,20.0,Male,East,5.0
1492,CUST2492,28.0,Female,South,3.0
1493,CUST2493,24.0,Female,North,3.0
1494,CUST2494,44.0,Male,South,2.0
1495,CUST2495,50.0,Female,North,4.0
1496,CUST2496,30.0,Female,North,3.0
1497,CUST2497,65.0,Female,East,3.0
1498,CUST2498,46.0,Female,North,3.0
1499,CUST2499,27.0,Female,South,4.0
1500,CUST2500,21.0,Female,North,1.0
1501,CUST2501,55.0,Female,South,2.0
1502,CUST2502,43.0,Female,East,2.0
1503,CUST2503,42.0,Male,East,2.0
1504,CUST2504,50.0,Other,,5.0
1505,CUST2505,21.0,Female,South,3.0
1506,CUST2506,29.0,Female,East,3.0
1507,CUST2507,61.0,Male,East,4.0
1508,CUST2508,45.0,Female,East,3.0
1509,CUST2509,58.0,Male,East,5.0
1510,CUST2510,61.0,Female,East,3.0
1511,CUST2511,61.0,Female,East,2.0
1512,CUST2512,45.0,Male,South,3.0
1513,CUST2513,37.0,Female,North,3.0
1514,CUST2514,18.0,Female,South,3.0
1515,CUST2515,42.0,Female,South,1.0
1516,CUST2516,35.0,Male,North,3.0
1517,CUST2517,43.0,Male,South,2.0
1518,CUST2518,42.0,Female,South,2.0
1519,CUST2519,47.0,Female,South,5.0
1520,CUST2520,28.0,Male,North,5.0
1521,CUST2521,67.0,Male,North,1.0
1522,CUST2522,40.0,Other,South,2.0
1523,CUST2523,48.0,Other,East,4.0
1524,CUST2524,37.0,Male,East,4.0
1525,CUST2525,28.0,Female,South,2.0
1526,CUST2526,56.0,Male,,2.0
1527,CUST2527,65.0,Female,South,3.0
1528,CUST2528,41.0,Male,South,3.0
1529,CUST2529,61.0,Female,South,3.0
1530,CUST2530,50.0,Male,South,4.0
1531,CUST2531,60.0,Other,North,1.0
1532,CUST2532,54.0,Male,South,2.0
1533,CUST2533,56.0,Male,North,3.0
1534,CUST2534,26.0,Male,,2.0
1535,CUST2535,45.0,Male,North,3.0
1536,CUST2536,43.0,Female,North,1.0
1537,CUST2537,21.0,Male,,4.0
1538,CUST2538,54.0,Female,North,3.0
1539,CUST2539,39.0,Male,North,4.0
1540,CUST2540,39.0,Male,East,5.0
1541,CUST2541,40.0,Female,,3.0
1542,CUST2542,29.0,Male,East,3.0
1543,CUST2543,45.0,Female,South,5.0
1544,CUST2544,67.0,Female,North,3.0
1545,CUST2545,22.0,Other,,4.0
1546,CUST2546,35.0,Female,North,3.0
1547,CUST2547,27.0,Female,,3.0
1548,CUST2548,38.0,Other,East,3.0
1549,CUST2549,44.0,Female,East,5.0
1550,CUST2550,33.0,Female,East,4.0
1551,CUST2551,28.0,Female,South,3.0
1552,CUST2552,55.0,Female,South,4.0
1553,CUST2553,35.0,Female,North,1.0
1554,CUST2554,43.0,Other,South,2.0
1555,CUST2555,66.0,Female,North,2.0
1556,CUST2556,55.0,Female,South,4.0
1557,CUST2557,42.0,Male,South,4.0
1558,CUST2558,46.0,Female,South,3.0
1559,CUST2559,46.0,Male,East,4.0
1560,CUST2560,56.0,Female,,4.0
1561,CUST2561,26.0,Female,South,3.0
1562,CUST2562,63.0,Female,North,1.0
1563,CUST2563,44.0,Male,South,1.0
1564,CUST2564,58.0,Male,South,3.0
1565,CUST2565,53.0,Female,,2.0
1566,CUST2566,68.0,Male,North,4.0
1567,CUST2567,59.0,Female,East,3.0
1568,CUST2568,40.0,Male,North,1.0
1569,CUST2569,27.0,Male,South,2.0
1570,CUST2570,30.0,Male,North,1.0
1571,CUST2571,43.0,Male,South,4.0
1572,CUST2572,41.0,Female,North,2.0
1573,CUST2573,47.0,Female,South,2.0
1574,CUST2574,66.0,Male,,1.0
1575,CUST2575,47.0,Male,North,4.0
1576,CUST2576,43.0,Male,South,5.0
1577,CUST2577,67.0,Female,North,5.0
1578,CUST2578,55.0,Male,South,1.0
1579,CUST2579,20.0,Male,East,2.0
1580,CUST2580,43.0,Female,North,2.0
1581,CUST2581,41.0,Female,North,5.0
1582,CUST2582,40.0,Female,East,4.0
1583,CUST2583,38.0,Female,North,3.0
1584,CUST2584,33.0,Male,East,2.0
1585,CUST2585,26.0,Female,South,5.0
1586,CUST2586,45.0,Female,North,2.0
1587,CUST2587,50.0,Female,North,3.0
1588,CUST2588,61.0,Male,,1.0
1589,CUST2589,61.0,Male,South,5.0
1590,CUST2590,33.0,Male,South,2.0
1591,CUST2591,66.0,Other,East,3.0
1592,CUST2592,64.0,Female,North,4.0
1593,CUST2593,60.0,Other,North,4.0
1594,CUST2594,18.0,Male,South,5.0
1595,CUST2595,51.0,Other,East,3.0
1596,CUST2596,41.0,Male,North,4.0
1597,CUST2597,35.0,Female,South,3.0
1598,CUST2598,43.0,Other,North,3.0
1599,CUST2599,32.0,Other,North,3.0
1600,CUST2600,51.0,Male,North,3.0
1601,CUST2601,67.0,Female,East,1.0
1602,CUST2602,61.0,Female,,4.0
1603,CUST2603,27.0,Female,North,2.0
1604,CUST2604,46.0,Female,South,3.0
1605,CUST2605,54.0,Female,North,2.0
1606,CUST2606,19.0,Male,North,1.0
1607,CUST2607,50.0,Male,East,2.0
1608,CUST2608,68.0,Other,North,2.0
1609,CUST2609,18.0,Male,East,2.0
1610,CUST2610,57.0,Female,South,3.0
1611,CUST2611,19.0,Female,East,2.0
1612,CUST2612,56.0,Other,,3.0
1613,CUST2613,51.0,Male,North,4.0
1614,CUST2614,49.0,Male,East,1.0
1615,CUST2615,48.0,Female,East,3.0
1616,CUST2616,61.0,Female,North,1.0
1617,CUST2617,50.0,Male,,2.0
1618,CUST2618,18.0,Male,North,2.0
1619,CUST2619,45.0,Female,North,4.0
1620,CUST2620,44.0,Female,North,3.0
1621,CUST2621,41.0,Male,East,3.0
1622,CUST2622,48.0,Female,North,4.0
1623,CUST2623,18.0,Male,North,3.0
1624,CUST2624,46.0,Female,East,3.0
1625,CUST2625,27.0,Other,East,3.0
1626,CUST2626,38.0,Male,North,4.0
1627,CUST2627,39.0,Male,South,3.0
1628,CUST2628,18.0,Female,East,5.0
1629,CUST2629,35.0,Female,East,4.0
1630,CUST2630,19.0,Female,South,3.0
1631,CUST2631,29.0,Female,South,3.0
1632,CUST2632,47.0,Male,North,4.0
1633,CUST2633,42.0,Female,North,1.0
1634,CUST2634,25.0,Male,South,2.0
1635,CUST2635,34.0,Male,North,1.0
1636,CUST2636,60.0,Female,,4.0
1637,CUST2637,61.0,Male,East,3.0
1638,CUST2638,65.0,Female,East,3.0
1639,CUST2639,34.0,Other,,2.0
1640,CUST2640,44.0,Male,North,2.0
1641,CUST2641,54.0,Male,North,4.0
1642,CUST2642,52.0,Female,South,5.0
1643,CUST2643,55.0,Male,East,2.0
1644,CUST2644,66.0,Female,North,2.0
1645,CUST2645,50.0,Male,South,2.0
1646,CUST2646,24.0,Male,South,1.0
1647,CUST2647,45.0,Male,East,4.0
1648,CUST2648,50.0,Male,South,3.0
1649,CUST2649,67.0,Male,North,3.0
1650,CUST2650,43.0,Female,East,4.0
1651,CUST2651,20.0,Male,North,3.0
1652,CUST2652,50.0,Male,South,4.0
1653,CUST2653,51.0,Male,East,2.0
1654,CUST2654,59.0,Female,East,3.0
1655,CUST2655,20.0,Female,North,3.0
1656,CUST2656,27.0,Male,North,3.0
1657,CUST2657,67.0,Male,,3.0
1658,CUST2658,43.0,Female,East,1.0
1659,CUST2659,21.0,Male,East,3.0
1660,CUST2660,42.0,Male,North,1.0
1661,CUST2661,23.0,Female,North,2.0
1662,CUST2662,38.0,Female,North,3.0
1663,CUST2663,69.0,Female,North,4.0
1664,CUST2664,19.0,Male,South,2.0
1665,CUST2665,65.0,Male,South,2.0
1666,CUST2666,65.0,Female,East,5.0
1667,CUST2667,62.0,Female,South,3.0
1668,CUST2668,66.0,Female,North,4.0
1669,CUST2669,36.0,Female,,3.0
1670,CUST2670,62.0,Male,,4.0
1671,CUST2671,35.0,Female,South,4.0
1672,CUST2672,27.0,Other,,4.0
1673,CUST2673,50.0,Male,North,2.0
1674,CUST2674,20.0,Other,East,4.0
1675,CUST2675,32.0,Female,,5.0
1676,CUST2676,24.0,Female,North,3.0
1677,CUST2677,65.0,Female,South,3.0
1678,CUST2678,36.0,Male,South,2.0
1679,CUST2679,28.0,Male,North,2.0
1680,CUST2680,52.0,Female,East,4.0
1681,CUST2681,39.0,Female,South,3.0
1682,CUST2682,18.0,Female,North,3.0
1683,CUST2683,67.0,Female,,4.0
1684,CUST2684,63.0,Male,North,3.0
1685,CUST2685,44.0,Female,South,3.0
1686,CUST2686,29.0,Female,North,3.0
1687,CUST2687,40.0,Female,North,5.0
1688,CUST2688,59.0,Female,North,2.0
1689,CUST2689,34.0,Female,,3.0
1690,CUST2690,33.0,Male,North,2.0
1691,CUST2691,39.0,Male,,1.0
1692,CUST2692,19.0,Other,South,2.0
1693,CUST2693,22.0,Female,South,2.0
1694,CUST2694,65.0,Male,South,4.0
1695,CUST2695,62.0,Male,South,2.0
1696,CUST2696,24.0,Female,East,3.0
1697,CUST2697,43.0,Male,South,3.0
1698,CUST2698,68.0,Other,East,4.0
1699,CUST2699,32.0,Female,North,3.0
1700,CUST2700,44.0,Male,,3.0
1701,CUST2701,68.0,Female,North,2.0
1702,CUST2702,24.0,Female,South,3.0
1703,CUST2703,53.0,Female,North,1.0
1704,CUST2704,44.0,Female,South,4.0
1705,CUST2705,58.0,Male,East,2.0
1706,CUST2706,36.0,Female,,3.0
1707,CUST2707,69.0,Female,,3.0
1708,CUST2708,23.0,Female,South,2.0
1709,CUST2709,57.0,Other,North,1.0
1710,CUST2710,66.0,Female,North,3.0
1711,CUST2711,49.0,Male,North,3.0
1712,CUST2712,44.0,Other,,3.0
1713,CUST2713,62.0,Male,East,3.0
1714,CUST2714,32.0,Female,South,4.0
1715,CUST2715,47.0,Male,South,3.0
1716,CUST2716,57.0,Male,South,3.0
1717,CUST2717,55.0,Female,South,1.0
1718,CUST2718,59.0,Female,South,3.0
1719,CUST2719,36.0,Female,North,5.0
1720,CUST2720,34.0,Male,South,2.0
1721,CUST2721,59.0,Female,East,4.0
1722,CUST2722,34.0,Female,,3.0
1723,CUST2723,38.0,Female,South,5.0
1724,CUST2724,27.0,Female,East,4.0
1725,CUST2725,47.0,Female,East,3.0
1726,CUST2726,60.0,Male,South,3.0
1727,CUST2727,62.0,Female,,5.0
1728,CUST2728,31.0,Female,,2.0
1729,CUST2729,53.0,Male,East,2.0
1730,CUST2730,43.0,Other,East,2.0
1731,CUST2731,54.0,Other,South,1.0
1732,CUST2732,64.0,Male,,3.0
1733,CUST2733,61.0,Male,South,2.0
1734,CUST2734,59.0,Male,East,3.0
1735,CUST2735,45.0,Female,East,2.0
1736,CUST2736,53.0,Female,East,5.0
1737,CUST2737,19.0,Male,North,3.0
1738,CUST2738,35.0,Female,South,4.0
1739,CUST2739,26.0,Other,North,5.0
1740,CUST2740,46.0,Female,South,3.0
1741,CUST2741,31.0,Female,South,3.0
1742,CUST2742,27.0,Female,,5.0
1743,CUST2743,44.0,Female,South,2.0
1744,CUST2744,24.0,Male,South,3.0
1745,CUST2745,65.0,Male,North,2.0
1746,CUST2746,62.0,Male,South,3.0
1747,CUST2747,66.0,Female,South,3.0
1748,CUST2748,51.0,Female,East,3.0
1749,CUST2749,22.0,Female,North,2.0
1750,CUST2750,52.0,Male,East,2.0
1751,CUST2751,49.0,Female,East,3.0
1752,CUST2752,57.0,Male,,4.0
1753,CUST2753,57.0,Female,North,3.0
1754,CUST2754,25.0,Other,,1.0
1755,CUST2755,28.0,Female,North,4.0
1756,CUST2756,66.0,Female,East,1.0
1757,CUST2757,37.0,Male,North,5.0
1758,CUST2758,32.0,Female,East,3.0
1759,CUST2759,27.0,Male,North,5.0
1760,CUST2760,36.0,Male,South,3.0
1761,CUST2761,22.0,Female,South,4.0
1762,CUST2762,52.0,Female,East,3.0
1763,CUST2763,42.0,Male,East,5.0
1764,CUST2764,41.0,Other,South,3.0
1765,CUST2765,60.0,Male,North,1.0
1766,CUST2766,29.0,Female,East,4.0
1767,CUST2767,52.0,Female,North,3.0
1768,CUST2768,38.0,Female,East,2.0
1769,CUST2769,44.0,Male,East,3.0
1770,CUST2770,42.0,Other,North,1.0
1771,CUST2771,48.0,Male,South,5.0
1772,CUST2772,68.0,Other,East,2.0
1773,CUST2773,51.0,Female,East,1.0
1774,CUST2774,29.0,Female,South,2.0
1775,CUST2775,46.0,Female,South,4.0
1776,CUST2776,56.0,Female,South,3.0
1777,CUST2777,68.0,Female,East,2.0
1778,CUST2778,35.0,Male,East,4.0
1779,CUST2779,52.0,Male,South,3.0
1780,CUST2780,58.0,Female,East,3.0
1781,CUST2781,54.0,Male,North,3.0
1782,CUST2782,30.0,Female,North,2.0
1783,CUST2783,55.0,Female,North,3.0
1784,CUST2784,37.0,Female,East,1.0
1785,CUST2785,32.0,Female,North,3.0
1786,CUST2786,39.0,Female,North,2.0
1787,CUST2787,47.0,Male,South,1.0
1788,CUST2788,42.0,Male,South,2.0
1789,CUST2789,52.0,Male,East,1.0
1790,CUST2790,32.0,Female,North,3.0
1791,CUST2791,43.0,Female,South,3.0
1792,CUST2792,27.0,Female,North,3.0
1793,CUST2793,30.0,Female,North,4.0
1794,CUST2794,39.0,Female,North,4.0
1795,CUST2795,69.0,Female,South,4.0
1796,CUST2796,55.0,Male,South,1.0
1797,CUST2797,26.0,Female,East,1.0
1798,CUST2798,56.0,Female,North,3.0
1799,CUST2799,36.0,Female,East,4.0
1800,CUST2800,22.0,Female,South,3.0
1801,CUST2801,35.0,Female,North,4.0
1802,CUST2802,20.0,Male,East,5.0
1803,CUST2803,21.0,Female,North,3.0
1804,CUST2804,33.0,Female,East,4.0
1805,CUST2805,62.0,Male,East,3.0
1806,CUST2806,22.0,Male,,2.0
1807,CUST2807,22.0,Female,North,4.0
1808,CUST2808,21.0,Other,North,3.0
1809,CUST2809,21.0,Male,North,2.0
1810,CUST2810,37.0,Female,East,3.0
1811,CUST2811,21.0,Female,North,3.0
1812,CUST2812,21.0,Male,,1.0
1813,CUST2813,21.0,Male,,2.0
1814,CUST2814,24.0,Male,North,2.0
1815,CUST2815,60.0,Other,East,3.0
1816,CUST2816,56.0,Female,North,4.0
1817,CUST2817,30.0,Male,East,3.0
1818,CUST2818,32.0,Male,North,3.0
1819,CUST2819,27.0,Female,North,2.0
1820,CUST2820,59.0,Female,East,3.0
1821,CUST2821,34.0,Female,,1.0
1822,CUST2822,53.0,Female,North,2.0
1823,CUST2823,42.0,Female,,4.0
1824,CUST2824,27.0,Female,,3.0
1825,CUST2825,65.0,Female,South,2.0
1826,CUST2826,55.0,Male,East,2.0
1827,CUST2827,44.0,Female,South,1.0
1828,CUST2828,18.0,Male,South,1.0
1829,CUST2829,32.0,Female,South,1.0
1830,CUST2830,25.0,Other,North,3.0
1831,CUST2831,22.0,Female,East,4.0
1832,CUST2832,34.0,Other,North,3.0
1833,CUST2833,60.0,Female,South,4.0
1834,CUST2834,28.0,Male,East,4.0
1835,CUST2835,21.0,Female,North,3.0
1836,CUST2836,63.0,Female,,3.0
1837,CUST2837,18.0,Female,North,3.0
1838,CUST2838,26.0,Male,North,5.0
1839,CUST2839,68.0,Female,North,2.0
1840,CUST2840,27.0,Male,North,3.0
1841,CUST2841,21.0,Male,South,4.0
1842,CUST2842,39.0,Female,East,3.0
1843,CUST2843,30.0,Female,South,3.0
1844,CUST2844,35.0,Female,South,2.0
1845,CUST2845,25.0,Female,,1.0
1846,CUST2846,29.0,Female,,2.0
1847,CUST2847,35.0,Male,North,1.0
1848,CUST2848,65.0,Female,East,3.0
1849,CUST2849,34.0,Male,East,2.0
1850,CUST2850,48.0,Female,North,5.0
1851,CUST2851,44.0,Male,East,4.0
1852,CUST2852,41.0,Male,East,1.0
1853,CUST2853,36.0,Male,East,2.0
1854,CUST2854,41.0,Male,North,3.0
1855,CUST2855,46.0,Male,North,3.0
1856,CUST2856,18.0,Female,North,1.0
1857,CUST2857,55.0,Other,,3.0
1858,CUST2858,29.0,Other,,4.0
1859,CUST2859,34.0,Male,South,3.0
1860,CUST2860,61.0,Female,,1.0
1861,CUST2861,43.0,Female,South,1.0
1862,CUST2862,52.0,Other,North,3.0
1863,CUST2863,32.0,Male,South,2.0
1864,CUST2864,41.0,Male,East,1.0
1865,CUST2865,30.0,Male,South,3.0
1866,CUST2866,32.0,Male,,2.0
1867,CUST2867,58.0,Female,North,3.0
1868,CUST2868,18.0,Male,,3.0
1869,CUST2869,19.0,Female,East,5.0
1870,CUST2870,53.0,Male,East,3.0
1871,CUST2871,58.0,Male,,2.0
1872,CUST2872,31.0,Female,East,2.0
1873,CUST2873,39.0,Female,East,3.0
1874,CUST2874,23.0,Male,South,1.0
1875,CUST2875,36.0,Male,North,3.0
1876,CUST2876,50.0,Female,North,4.0
1877,CUST2877,37.0,Female,South,2.0
1878,CUST2878,68.0,Male,East,2.0
1879,CUST2879,32.0,Male,South,5.0
1880,CUST2880,36.0,Female,South,3.0
1881,CUST2881,43.0,Male,,3.0
1882,CUST2882,32.0,Male,South,3.0
1883,CUST2883,19.0,Male,East,5.0
1884,CUST2884,69.0,Other,South,3.0
1885,CUST2885,41.0,Other,North,3.0
1886,CUST2886,23.0,Female,East,3.0
1887,CUST2887,64.0,Male,East,1.0
1888,CUST2888,34.0,Male,East,2.0
1889,CUST2889,66.0,Female,,1.0
1890,CUST2890,59.0,Female,,1.0
1891,CUST2891,53.0,Male,North,3.0
1892,CUST2892,47.0,Female,North,1.0
1893,CUST2893,67.0,Female,South,5.0
1894,CUST2894,26.0,Male,South,3.0
1895,CUST2895,63.0,Male,South,4.0
1896,CUST2896,49.0,Male,South,1.0
1897,CUST2897,43.0,Male,North,4.0
1898,CUST2898,58.0,Male,South,1.0
1899,CUST2899,48.0,Male,,3.0
1900,CUST2900,31.0,Male,South,5.0
1901,CUST2901,32.0,Female,,4.0
1902,CUST2902,53.0,Male,South,5.0
1903,CUST2903,27.0,Female,,3.0
1904,CUST2904,65.0,Female,South,4.0
1905,CUST2905,29.0,Female,,3.0
1906,CUST2906,44.0,Female,North,5.0
1907,CUST2907,23.0,Female,East,4.0
1908,CUST2908,34.0,Female,North,3.0
1909,CUST2909,28.0,Female,East,3.0
1910,CUST2910,47.0,Male,South,4.0
1911,CUST2911,65.0,Male,East,3.0
1912,CUST2912,28.0,Male,East,3.0
1913,CUST2913,23.0,Female,East,3.0
1914,CUST2914,56.0,Female,North,3.0
1915,CUST2915,45.0,Male,East,3.0
1916,CUST2916,32.0,Female,South,4.0
1917,CUST2917,25.0,Other,North,4.0
1918,CUST2918,31.0,Male,East,4.0
1919,CUST2919,18.0,Male,East,1.0
1920,CUST2920,34.0,Male,,2.0
1921,CUST2921,50.0,Female,North,3.0
1922,CUST2922,43.0,Female,South,3.0
1923,CUST2923,25.0,Other,North,3.0
1924,CUST2924,32.0,Female,North,3.0
1925,CUST2925,58.0,Male,North,3.0
1926,CUST2926,46.0,Female,,1.0
1927,CUST2927,35.0,Male,East,1.0
1928,CUST2928,41.0,Female,South,2.0
1929,CUST2929,48.0,Male,,1.0
1930,CUST2930,22.0,Other,East,5.0
1931,CUST2931,43.0,Male,South,3.0
1932,CUST2932,43.0,Male,South,2.0
1933,CUST2933,33.0,Male,East,1.0
1934,CUST2934,22.0,Female,East,4.0
1935,CUST2935,63.0,Female,North,3.0
1936,CUST2936,42.0,Male,North,3.0
1937,CUST2937,42.0,Male,North,3.0
1938,CUST2938,69.0,Female,North,1.0
1939,CUST2939,54.0,Male,,2.0
1940,CUST2940,24.0,Male,,3.0
1941,CUST2941,68.0,Female,South,3.0
1942,CUST2942,62.0,Female,North,3.0
1943,CUST2943,53.0,Male,East,2.0
1944,CUST2944,42.0,Male,North,2.0
1945,CUST2945,46.0,Female,South,3.0
1946,CUST2946,56.0,Male,East,4.0
1947,CUST2947,47.0,Female,South,3.0
1948,CUST2948,43.0,Male,East,2.0
1949,CUST2949,37.0,Male,North,1.0
1950,CUST2950,44.0,Male,South,1.0
1951,CUST2951,35.0,Female,East,3.0
1952,CUST2952,58.0,Male,,3.0
1953,CUST2953,57.0,Other,East,2.0
1954,CUST2954,43.0,Male,South,1.0
1955,CUST2955,52.0,Male,East,2.0
1956,CUST2956,63.0,Female,,1.0
1957,CUST2957,46.0,Female,South,2.0
1958,CUST2958,45.0,Female,North,2.0
1959,CUST2959,38.0,Female,,3.0
1960,CUST2960,25.0,Male,,1.0
1961,CUST2961,33.0,Male,North,3.0
1962,CUST2962,64.0,Other,East,4.0
1963,CUST2963,34.0,Male,East,1.0
1964,CUST2964,38.0,Male,North,1.0
1965,CUST2965,61.0,Female,South,5.0
1966,CUST2966,38.0,Female,,3.0
1967,CUST2967,43.0,Male,North,3.0
1968,CUST2968,51.0,Female,South,3.0
1969,CUST2969,26.0,Male,East,3.0
1970,CUST2970,42.0,Female,North,3.0
1971,CUST2971,23.0,Female,East,1.0
1972,CUST2972,36.0,Other,North,3.0
1973,CUST2973,54.0,Male,East,1.0
1974,CUST2974,49.0,Female,North,3.0
1975,CUST2975,69.0,Female,North,3.0
1976,CUST2976,19.0,Female,East,4.0
1977,CUST2977,27.0,Female,South,3.0
1978,CUST2978,64.0,Male,North,3.0
1979,CUST2979,60.0,Male,North,2.0
1980,CUST2980,55.0,Female,South,1.0
1981,CUST2981,67.0,Other,,1.0
1982,CUST2982,22.0,Female,North,3.0
1983,CUST2983,21.0,Female,North,4.0
1984,CUST2984,55.0,Male,North,5.0
1985,CUST2985,57.0,Female,,4.0
1986,CUST2986,66.0,Other,South,2.0
1987,CUST2987,20.0,Female,North,3.0
1988,CUST2988,23.0,Female,North,5.0
1989,CUST2989,36.0,Female,,2.0
1990,CUST2990,68.0,Female,South,2.0
1991,CUST2991,40.0,Male,East,1.0
1992,CUST2992,41.0,Other,South,3.0
1993,CUST2993,62.0,Female,North,3.0
1994,CUST2994,35.0,Female,North,1.0
1995,CUST2995,57.0,Male,East,4.0
1996,CUST2996,52.0,Male,North,3.0
1997,CUST2997,53.0,Male,East,2.0
1998,CUST2998,65.0,Male,,2.0
1999,CUST2999,65.0,Other,,4.0
2000,CUST3000,19.0,Female,,3.0
2001,CUST3001,21.0,Female,East,3.0
2002,CUST3002,34.0,Female,South,4.0
2003,CUST3003,19.0,Male,East,3.0
2004,CUST3004,26.0,Female,North,5.0
2005,CUST3005,44.0,Male,,1.0
2006,CUST3006,31.0,Female,East,4.0
2007,CUST3007,61.0,Female,North,2.0
2008,CUST3008,34.0,Female,East,4.0
2009,CUST3009,54.0,Female,South,2.0
2010,CUST3010,23.0,Male,,4.0
2011,CUST3011,56.0,Female,,3.0
2012,CUST3012,36.0,Female,North,3.0
2013,CUST3013,20.0,Female,North,3.0
2014,CUST3014,58.0,Male,East,3.0
2015,CUST3015,43.0,Male,South,4.0
2016,CUST3016,29.0,Male,East,3.0
2017,CUST3017,41.0,Male,North,3.0
2018,CUST3018,37.0,Female,North,4.0
2019,CUST3019,58.0,Female,South,2.0
2020,CUST3020,41.0,Female,North,3.0
2021,CUST3021,30.0,Male,East,3.0
2022,CUST3022,36.0,Female,North,2.0
2023,CUST3023,21.0,Male,East,2.0
2024,CUST3024,64.0,Other,South,4.0
2025,CUST3025,25.0,Male,North,4.0
2026,CUST3026,25.0,Male,North,4.0
2027,CUST3027,46.0,Female,,5.0
2028,CUST3028,54.0,Female,South,3.0
2029,CUST3029,32.0,Male,,3.0
2030,CUST3030,46.0,Male,South,2.0
2031,CUST3031,37.0,Female,East,5.0
2032,CUST3032,65.0,Female,North,1.0
2033,CUST3033,68.0,Male,East,4.0
2034,CUST3034,43.0,Female,East,5.0
2035,CUST3035,58.0,Female,,2.0
2036,CUST3036,37.0,Female,South,4.0
2037,CUST3037,67.0,Female,,3.0
2038,CUST3038,53.0,Male,South,4.0
2039,CUST3039,69.0,Female,,3.0
2040,CUST3040,68.0,Male,North,4.0
2041,CUST3041,67.0,Male,South,3.0
2042,CUST3042,43.0,Female,,3.0
2043,CUST3043,21.0,Male,East,3.0
2044,CUST3044,27.0,Male,East,3.0
2045,CUST3045,59.0,Male,,1.0
2046,CUST3046,50.0,Male,South,3.0
2047,CUST3047,56.0,Female,East,5.0
2048,CUST3048,49.0,Male,South,3.0
2049,CUST3049,43.0,Female,South,3.0
2050,CUST3050,66.0,Male,North,1.0
2051,CUST3051,50.0,Male,North,5.0
2052,CUST3052,25.0,Other,North,2.0
2053,CUST3053,61.0,Female,North,4.0
2054,CUST3054,64.0,Female,North,3.0
2055,CUST3055,36.0,Male,North,3.0
2056,CUST3056,65.0,Female,,3.0
2057,CUST3057,20.0,Male,East,2.0
2058,CUST3058,42.0,Male,North,5.0
2059,CUST3059,34.0,Male,East,3.0
2060,CUST3060,57.0,Other,North,3.0
2061,CUST3061,33.0,Female,East,2.0
2062,CUST3062,55.0,Other,East,2.0
2063,CUST3063,50.0,Male,,3.0
2064,CUST3064,48.0,Female,East,3.0
2065,CUST3065,21.0,Other,East,4.0
2066,CUST3066,53.0,Male,South,3.0
2068,CUST3068,64.0,Male,South,2.0
2069,CUST3069,51.0,Male,East,3.0
2070,CUST3070,45.0,Female,North,2.0
2071,CUST3071,28.0,Female,East,3.0
2072,CUST3072,29.0,Male,South,4.0
2073,CUST3073,20.0,Male,,4.0
2074,CUST3074,68.0,Male,,3.0
2075,CUST3075,27.0,Male,South,1.0
2076,CUST3076,19.0,Other,South,4.0
2077,CUST3077,24.0,Male,North,5.0
2078,CUST3078,63.0,Male,,3.0
2079,CUST3079,45.0,Female,,2.0
2080,CUST3080,52.0,Female,North,3.0
2081,CUST3081,30.0,Other,East,2.0
2082,CUST3082,44.0,Female,East,5.0
2083,CUST3083,32.0,Male,North,1.0
2084,CUST3084,22.0,Male,,3.0
2085,CUST3085,37.0,Male,East,5.0
2086,CUST3086,42.0,Female,South,2.0
2087,CUST3087,61.0,Other,North,1.0
2088,CUST3088,53.0,Male,East,5.0
2089,CUST3089,27.0,Female,South,2.0
2090,CUST3090,43.0,Male,South,5.0
2091,CUST3091,43.0,Male,South,2.0
2092,CUST3092,30.0,Male,,2.0
2093,CUST3093,38.0,Female,North,1.0
2094,CUST3094,36.0,Female,South,2.0
2095,CUST3095,25.0,Female,South,3.0
2096,CUST3096,36.0,Female,North,3.0
2097,CUST3097,63.0,Male,South,3.0
2098,CUST3098,45.0,Female,East,2.0
2099,CUST3099,55.0,Male,East,2.0
2100,CUST3100,64.0,Male,South,2.0
2101,CUST3101,67.0,Male,East,2.0
2102,CUST3102,48.0,Female,South,4.0
2103,CUST3103,49.0,Male,,5.0
2104,CUST3104,39.0,Female,South,4.0
2105,CUST3105,55.0,Other,North,1.0
2106,CUST3106,67.0,Female,,2.0
2107,CUST3107,22.0,Male,South,2.0
2108,CUST3108,27.0,Male,North,2.0
2109,CUST3109,31.0,Female,East,4.0
2110,CUST3110,60.0,Other,North,1.0
2111,CUST3111,50.0,Male,East,4.0
2112,CUST3112,61.0,Female,,3.0
2113,CUST3113,20.0,Female,,5.0
2114,CUST3114,25.0,Female,South,4.0
2115,CUST3115,52.0,Male,,4.0
2116,CUST3116,60.0,Male,East,4.0
2117,CUST3117,66.0,Female,,2.0
2118,CUST3118,52.0,Male,,3.0
2119,CUST3119,40.0,Male,South,2.0
2120,CUST3120,38.0,Female,,2.0
2121,CUST3121,40.0,Male,South,1.0
2122,CUST3122,39.0,Other,South,2.0
2123,CUST3123,65.0,Male,South,2.0
2124,CUST3124,40.0,Other,,4.0
2125,CUST3125,58.0,Female,,5.0
2126,CUST3126,48.0,Male,East,3.0
2127,CUST3127,20.0,Male,South,4.0
2128,CUST3128,33.0,Male,East,3.0
2129,CUST3129,69.0,Female,East,2.0
2130,CUST3130,18.0,Male,North,4.0
2131,CUST3131,67.0,Other,East,4.0
2132,CUST3132,60.0,Female,South,2.0
2133,CUST3133,33.0,Female,,3.0
2134,CUST3134,59.0,Female,,3.0
2135,CUST3135,57.0,Male,South,3.0
2136,CUST3136,53.0,Female,East,4.0
2137,CUST3137,26.0,Male,North,2.0
2138,CUST3138,62.0,Other,South,3.0
2139,CUST3139,53.0,Female,,2.0
2140,CUST3140,67.0,Female,North,3.0
2141,CUST3141,53.0,Male,East,2.0
2142,CUST3142,41.0,Male,,3.0
2143,CUST3143,43.0,Male,,1.0
2144,CUST3144,48.0,Male,North,3.0
2145,CUST3145,64.0,Male,,3.0
2146,CUST3146,22.0,Female,,4.0
2147,CUST3147,22.0,Female,North,4.0
2148,CUST3148,25.0,Male,,3.0
2149,CUST3149,37.0,Male,South,3.0
2150,CUST3150,43.0,Female,South,2.0
2151,CUST3151,19.0,Female,North,3.0
2152,CUST3152,62.0,Male,East,1.0
2153,CUST3153,43.0,Female,East,4.0
2154,CUST3154,18.0,Female,East,4.0
2155,CUST3155,36.0,Female,South,2.0
2156,CUST3156,46.0,Male,,4.0
2157,CUST3157,50.0,Female,,5.0
2158,CUST3158,28.0,Other,East,3.0
2159,CUST3159,68.0,Male,,3.0
2160,CUST3160,65.0,Female,South,2.0
2161,CUST3161,32.0,Female,North,4.0
2162,CUST3162,69.0,Male,South,3.0
2163,CUST3163,24.0,Other,East,3.0
2164,CUST3164,42.0,Male,South,3.0
2165,CUST3165,18.0,Male,South,2.0
2166,CUST3166,54.0,Male,South,5.0
2167,CUST3167,59.0,Female,North,2.0
2168,CUST3168,55.0,Male,North,3.0
2169,CUST3169,27.0,Female,East,2.0
2170,CUST3170,53.0,Female,South,3.0
2171,CUST3171,43.0,Male,North,1.0
2172,CUST3172,48.0,Female,North,3.0
2173,CUST3173,58.0,Other,East,3.0
2174,CUST3174,45.0,Female,,3.0
2175,CUST3175,64.0,Female,North,2.0
2176,CUST3176,53.0,Female,,3.0
2177,CUST3177,23.0,Female,,2.0
2178,CUST3178,25.0,Male,East,2.0
2179,CUST3179,35.0,Female,,1.0
2180,CUST3180,35.0,Male,North,3.0
2181,CUST3181,68.0,Male,South,5.0
2182,CUST3182,58.0,Female,South,1.0
2183,CUST3183,64.0,Male,North,3.0
2184,CUST3184,30.0,Female,North,4.0
2185,CUST3185,37.0,Female,,3.0
2186,CUST3186,30.0,Male,South,4.0
2187,CUST3187,31.0,Male,East,1.0
2188,CUST3188,39.0,Male,North,1.0
2189,CUST3189,41.0,Female,,4.0
2190,CUST3190,58.0,Male,North,4.0
2191,CUST3191,62.0,Female,North,4.0
2192,CUST3192,37.0,Female,East,2.0
2193,CUST3193,35.0,Female,South,3.0
2194,CUST3194,59.0,Female,South,2.0
2195,CUST3195,47.0,Other,,4.0
2196,CUST3196,35.0,Female,North,4.0
2197,CUST3197,25.0,Other,North,3.0
2198,CUST3198,62.0,Female,South,2.0
2199,CUST3199,52.0,Other,North,3.0
2200,CUST3200,67.0,Female,East,2.0
2201,CUST3201,40.0,Male,,1.0
2202,CUST3202,29.0,Male,,2.0
2203,CUST3203,64.0,Female,East,4.0
2204,CUST3204,67.0,Female,South,4.0
2205,CUST3205,37.0,Female,South,2.0
2206,CUST3206,43.0,Other,East,4.0
2207,CUST3207,53.0,Female,,3.0
2208,CUST3208,64.0,Male,,3.0
2209,CUST3209,31.0,Other,North,3.0
2210,CUST3210,46.0,Male,,1.0
2211,CUST3211,64.0,Male,South,4.0
2212,CUST3212,37.0,Male,North,1.0
2213,CUST3213,44.0,Female,East,4.0
2214,CUST3214,40.0,Female,North,1.0
2215,CUST3215,59.0,Male,South,4.0
2216,CUST3216,20.0,Male,South,1.0
2217,CUST3217,66.0,Female,South,3.0
2218,CUST3218,52.0,Female,North,3.0
2219,CUST3219,33.0,Male,North,1.0
2220,CUST3220,69.0,Female,South,4.0
2221,CUST3221,62.0,Male,North,1.0
2222,CUST3222,24.0,Male,East,3.0
2223,CUST3223,36.0,Male,East,4.0
2224,CUST3224,19.0,Female,North,2.0
2225,CUST3225,61.0,Male,North,4.0
2226,CUST3226,18.0,Male,South,2.0
2227,CUST3227,31.0,Male,North,3.0
2228,CUST3228,52.0,Female,South,1.0
2229,CUST3229,20.0,Other,East,4.0
2230,CUST3230,60.0,Male,North,5.0
2231,CUST3231,45.0,Female,East,5.0
2232,CUST3232,26.0,Male,South,2.0
2233,CUST3233,55.0,Female,,4.0
2234,CUST3234,33.0,Female,North,3.0
2235,CUST3235,54.0,Male,,4.0
2236,CUST3236,32.0,Female,,2.0
2237,CUST3237,20.0,Male,South,3.0
2238,CUST3238,59.0,Male,South,2.0
2239,CUST3239,21.0,Other,South,4.0
2240,CUST3240,38.0,Male,South,3.0
2241,CUST3241,52.0,Female,East,4.0
2242,CUST3242,60.0,Female,North,2.0
2243,CUST3243,23.0,Male,,3.0
2244,CUST3244,25.0,Female,North,2.0
2245,CUST3245,39.0,Male,East,3.0
2246,CUST3246,29.0,Female,South,2.0
2247,CUST3247,19.0,Female,North,4.0
2248,CUST3248,22.0,Female,South,3.0
2249,CUST3249,27.0,Female,South,2.0
2250,CUST3250,28.0,Male,East,1.0
2251,CUST3251,26.0,Male,North,4.0
2252,CUST3252,65.0,Male,South,3.0
2253,CUST3253,65.0,Female,East,1.0
2254,CUST3254,39.0,Female,East,3.0
2255,CUST3255,29.0,Male,,3.0
2256,CUST3256,66.0,Female,North,2.0
2257,CUST3257,65.0,Female,South,1.0
2258,CUST3258,68.0,Male,,5.0
2259,CUST3259,35.0,Female,South,4.0
2260,CUST3260,57.0,Female,North,4.0
2261,CUST3261,44.0,Female,South,3.0
2262,CUST3262,49.0,Female,North,2.0
2263,CUST3263,43.0,Other,North,4.0
2264,CUST3264,43.0,Male,North,2.0
2265,CUST3265,49.0,Male,North,3.0
2266,CUST3266,58.0,Female,South,3.0
2267,CUST3267,49.0,Female,North,3.0
2268,CUST3268,53.0,Male,South,2.0
2269,CUST3269,69.0,Male,East,4.0
2270,CUST3270,38.0,Female,,3.0
2271,CUST3271,62.0,Female,,2.0
2272,CUST3272,35.0,Female,North,3.0
2273,CUST3273,68.0,Female,South,2.0
2274,CUST3274,68.0,Male,East,3.0
2275,CUST3275,53.0,Male,South,3.0
2276,CUST3276,35.0,Male,North,1.0
2277,CUST3277,23.0,Male,North,4.0
2278,CUST3278,25.0,Female,East,4.0
2279,CUST3279,18.0,Female,,5.0
2280,CUST3280,40.0,Female,South,3.0
2281,CUST3281,51.0,Male,South,2.0
2282,CUST3282,62.0,Male,South,1.0
2283,CUST3283,41.0,Male,North,3.0
2284,CUST3284,66.0,Other,North,4.0
2285,CUST3285,60.0,Male,East,2.0
2286,CUST3286,64.0,Male,,4.0
2287,CUST3287,30.0,Other,East,1.0
2288,CUST3288,34.0,Female,East,5.0
2289,CUST3289,66.0,Female,East,1.0
2290,CUST3290,28.0,Female,East,4.0
2291,CUST3291,57.0,Female,East,2.0
2292,CUST3292,33.0,Female,East,4.0
2293,CUST3293,60.0,Male,North,2.0
2294,CUST3294,44.0,Female,East,4.0
2295,CUST3295,26.0,Female,East,2.0
2296,CUST3296,45.0,Male,South,3.0
2297,CUST3297,62.0,Male,East,3.0
2298,CUST3298,38.0,Male,East,2.0
2299,CUST3299,20.0,Male,South,4.0
2300,CUST3300,20.0,Other,North,3.0
2301,CUST3301,43.0,Male,South,3.0
2302,CUST3302,68.0,Female,North,4.0
2303,CUST3303,69.0,Female,North,5.0
2304,CUST3304,57.0,Female,,3.0
2305,CUST3305,37.0,Male,South,4.0
2306,CUST3306,35.0,Male,North,2.0
2307,CUST3307,29.0,Male,,3.0
2308,CUST3308,63.0,Male,North,4.0
2309,CUST3309,35.0,Male,,2.0
2310,CUST3310,58.0,Male,South,5.0
2311,CUST3311,61.0,Female,,4.0
2312,CUST3312,56.0,Male,South,2.0
2313,CUST3313,34.0,Male,East,5.0
2314,CUST3314,51.0,Male,South,3.0
2315,CUST3315,55.0,Other,North,1.0
2316,CUST3316,39.0,Female,East,2.0
2317,CUST3317,28.0,Male,East,3.0
2318,CUST3318,49.0,Other,South,3.0
2319,CUST3319,21.0,Male,East,4.0
2320,CUST3320,43.0,Male,South,4.0
2321,CUST3321,32.0,Male,North,3.0
2322,CUST3322,24.0,Female,South,4.0
2323,CUST3323,33.0,Male,South,3.0
2324,CUST3324,51.0,Female,North,4.0
2325,CUST3325,34.0,Male,South,2.0
2326,CUST3326,43.0,Male,South,1.0
2327,CUST3327,25.0,Female,East,4.0
2328,CUST3328,59.0,Female,,2.0
2329,CUST3329,24.0,Male,East,5.0
2330,CUST3330,46.0,Male,North,2.0
2331,CUST3331,24.0,Male,North,2.0
2332,CUST3332,21.0,Female,South,3.0
2333,CUST3333,28.0,Female,East,3.0
2334,CUST3334,22.0,Male,South,3.0
2335,CUST3335,54.0,Female,South,2.0
2336,CUST3336,38.0,Female,South,3.0
2337,CUST3337,24.0,Female,South,5.0
2338,CUST3338,22.0,Female,North,1.0
2339,CUST3339,56.0,Male,East,3.0
2340,CUST3340,43.0,Female,South,1.0
2341,CUST3341,36.0,Female,South,4.0
2342,CUST3342,23.0,Female,East,5.0
2343,CUST3343,24.0,Female,East,1.0
2344,CUST3344,42.0,Male,East,3.0
2345,CUST3345,58.0,Male,East,2.0
2346,CUST3346,52.0,Male,North,1.0
2347,CUST3347,61.0,Male,South,5.0
2348,CUST3348,37.0,Male,East,4.0
2349,CUST3349,49.0,Male,South,5.0
2350,CUST3350,56.0,Female,South,3.0
2351,CUST3351,43.0,Male,North,4.0
2352,CUST3352,18.0,Female,East,5.0
2353,CUST3353,25.0,Female,South,3.0
2354,CUST3354,35.0,Male,North,2.0
2355,CUST3355,56.0,Female,South,4.0
2356,CUST3356,27.0,Other,,3.0
2357,CUST3357,36.0,Male,South,2.0
2358,CUST3358,46.0,Male,North,5.0
2359,CUST3359,46.0,Female,North,4.0
2360,CUST3360,44.0,Male,North,3.0
2361,CUST3361,54.0,Female,South,2.0
2362,CUST3362,26.0,Male,South,3.0
2363,CUST3363,40.0,Female,South,4.0
2364,CUST3364,49.0,Female,South,4.0
2365,CUST3365,29.0,Female,,5.0
2366,CUST3366,31.0,Female,East,2.0
2367,CUST3367,40.0,Female,,2.0
2368,CUST3368,37.0,Female,,2.0
2369,CUST3369,63.0,Female,,3.0
2370,CUST3370,66.0,Male,East,2.0
2371,CUST3371,67.0,Female,North,3.0
2372,CUST3372,18.0,Female,North,2.0
2373,CUST3373,59.0,Female,South,4.0
2374,CUST3374,54.0,Other,South,3.0
2375,CUST3375,58.0,Female,South,3.0
2376,CUST3376,35.0,Female,North,4.0
2377,CUST3377,56.0,Female,South,4.0
2378,CUST3378,26.0,Other,East,2.0
2379,CUST3379,32.0,Male,East,4.0
2380,CUST3380,42.0,Male,North,3.0
2381,CUST3381,64.0,Female,,2.0
2382,CUST3382,58.0,Female,North,4.0
2383,CUST3383,57.0,Female,South,2.0
2384,CUST3384,55.0,Other,North,3.0
2385,CUST3385,65.0,Male,,3.0
2386,CUST3386,63.0,Female,East,4.0
2387,CUST3387,43.0,Female,South,4.0
2388,CUST3388,22.0,Female,North,1.0
2389,CUST3389,31.0,Other,,4.0
2390,CUST3390,33.0,Other,North,3.0
2391,CUST3391,53.0,Male,North,1.0
2392,CUST3392,63.0,Male,East,5.0
2393,CUST3393,48.0,Female,North,4.0
2394,CUST3394,57.0,Male,South,3.0
2395,CUST3395,24.0,Female,North,3.0
2396,CUST3396,44.0,Male,South,1.0
2397,CUST3397,67.0,Female,,3.0
2398,CUST3398,38.0,Female,,4.0
2399,CUST3399,45.0,Female,East,1.0
2400,CUST3400,59.0,Other,East,2.0
2401,CUST3401,61.0,Male,South,5.0
2402,CUST3402,44.0,Male,South,1.0
2403,CUST3403,35.0,Male,South,3.0
2404,CUST3404,43.0,Male,North,1.0
2405,CUST3405,50.0,Male,,2.0
2406,CUST3406,60.0,Male,South,2.0
2407,CUST3407,27.0,Female,East,2.0
2408,CUST3408,45.0,Female,North,2.0
2409,CUST3409,64.0,Male,North,2.0
2410,CUST3410,32.0,Male,North,2.0
2411,CUST3411,28.0,Male,North,3.0
2412,CUST3412,34.0,Female,North,2.0
2413,CUST3413,69.0,Female,North,5.0
2414,CUST3414,43.0,Female,East,3.0
2415,CUST3415,34.0,Male,South,3.0
2416,CUST3416,60.0,Male,South,1.0
2417,CUST3417,44.0,Male,North,3.0
2418,CUST3418,24.0,Male,North,2.0
2419,CUST3419,46.0,Female,South,2.0
2420,CUST3420,64.0,Male,North,4.0
2421,CUST3421,21.0,Male,North,3.0
2422,CUST3422,65.0,Male,,4.0
2423,CUST3423,47.0,Male,North,4.0
2424,CUST3424,39.0,Male,North,3.0
2425,CUST3425,46.0,Female,South,4.0
2426,CUST3426,23.0,Female,,1.0
2427,CUST3427,51.0,Other,East,1.0
2428,CUST3428,23.0,Female,North,3.0
2429,CUST3429,36.0,Male,North,3.0
2430,CUST3430,69.0,Male,North,2.0
2431,CUST3431,32.0,Male,North,2.0
2432,CUST3432,41.0,Male,North,4.0
2433,CUST3433,68.0,Male,East,2.0
2434,CUST3434,33.0,Female,East,5.0
2435,CUST3435,43.0,Other,East,2.0
2436,CUST3436,26.0,Female,North,5.0
2437,CUST3437,42.0,Female,North,2.0
2438,CUST3438,67.0,Female,South,3.0
2439,CUST3439,29.0,Male,South,1.0
2440,CUST3440,42.0,Male,South,2.0
2441,CUST3441,27.0,Male,North,2.0
2442,CUST3442,20.0,Male,North,4.0
2443,CUST3443,61.0,Female,,3.0
2444,CUST3444,47.0,Female,North,2.0
2445,CUST3445,58.0,Female,East,2.0
2446,CUST3446,42.0,Male,South,4.0
2447,CUST3447,27.0,Male,North,1.0
2448,CUST3448,62.0,Male,East,1.0
2449,CUST3449,62.0,Male,East,2.0
2450,CUST3450,54.0,Male,South,3.0
2451,CUST3451,41.0,Female,South,1.0
2452,CUST3452,27.0,Female,South,4.0
2453,CUST3453,35.0,Male,South,3.0
2454,CUST3454,62.0,Female,East,2.0
2455,CUST3455,58.0,Male,North,3.0
2456,CUST3456,63.0,Female,,1.0
2457,CUST3457,35.0,Other,North,3.0
2458,CUST3458,22.0,Female,,4.0
2459,CUST3459,26.0,Male,South,4.0
2460,CUST3460,21.0,Female,East,5.0
2461,CUST3461,23.0,Female,East,3.0
2462,CUST3462,68.0,Female,South,2.0
2463,CUST3463,52.0,Female,East,2.0
2464,CUST3464,30.0,Female,South,4.0
2465,CUST3465,68.0,Other,North,1.0
2466,CUST3466,32.0,Female,North,1.0
2467,CUST3467,30.0,Male,North,2.0
2468,CUST3468,46.0,Female,South,3.0
2469,CUST3469,36.0,Male,South,2.0
2470,CUST3470,63.0,Female,North,2.0
2471,CUST3471,66.0,Male,North,2.0
2472,CUST3472,63.0,Male,East,1.0
2473,CUST3473,44.0,Male,,3.0
2474,CUST3474,26.0,Male,South,5.0
2475,CUST3475,53.0,Male,North,1.0
2476,CUST3476,58.0,Male,,4.0
2477,CUST3477,61.0,Male,South,5.0
2478,CUST3478,18.0,Male,South,2.0
2479,CUST3479,53.0,Male,,5.0
2480,CUST3480,23.0,Male,South,1.0
2481,CUST3481,37.0,Male,South,4.0
2482,CUST3482,56.0,Female,,4.0
2483,CUST3483,43.0,Male,,3.0
2484,CUST3484,42.0,Other,North,3.0
2485,CUST3485,26.0,Female,East,3.0
2486,CUST3486,69.0,Male,South,5.0
2487,CUST3487,59.0,Female,East,2.0
2488,CUST3488,60.0,Female,East,3.0
2489,CUST3489,28.0,Male,South,2.0
2490,CUST3490,58.0,Male,North,3.0
2491,CUST3491,64.0,Male,North,4.0
2492,CUST3492,43.0,Female,East,2.0
2493,CUST3493,61.0,Male,East,1.0
2494,CUST3494,29.0,Male,South,2.0
2495,CUST3495,57.0,Male,North,3.0
2496,CUST3496,19.0,Female,North,3.0
2497,CUST3497,41.0,Female,North,3.0
2498,CUST3498,52.0,Male,North,3.0
2499,CUST3499,59.0,Male,North,4.0
