CustomerID,Age,Gender,Region,SatisfactionScore,Comments
CUST1000,52.0,Male,South,-1.0,Average
CUST1001,24.0,Female,North,3.0,
CUST1002,54.0,Male,?,3.0,Will come again
CUST1003,56.0,Male,South,,
CUST1004,57.0,Male,East,1.0,
CUST1005,27.0,Female,North,1.0,
CUST1006,,Male,South,3.0,
CUST1007,19.0,Male,North,4.0,Average
CUST1008,36.0,Female,Unknown,5.0,
CUST1009,42.0,Male,North,3.0,
CUST1010,40.0,Male,East,2.0,Will come again
CUST1011,43.0,Female,South,1.0,
CUST1012,69.0,Unknown,East,2.0,
CUST1013,59.0,Male,East,3.0,
CUST1014,36.0,Female,South,2.0,
CUST1015,58.0,Female,?,4.0,nan
CUST1016,56.0,Female,Unknown,1.0,Not satisfied
CUST1017,57.0,Male,East,2.0,Will come again
CUST1018,48.0,Female,North,3.0,
CUST1019,67.0,Male,Unknown,2.0,
CUST1020,27.0,Male,North,-1.0,Great service!
CUST1021,33.0,Male,East,2.0,Will come again
CUST1022,21.0,Female,South,2.0,Not satisfied
CUST1023,65.0,Male,South,2.0,
CUST1024,23.0,Female,East,5.0,Average
CUST1025,69.0,Unknown,North,4.0,
CUST1026,41.0,Male,North,3.0,Great service!
CUST1027,39.0,Male,East,5.0,
CUST1028,41.0,Male,East,3.0,
CUST1029,19.0,Male,North,3.0,
CUST1030,54.0,Female,South,4.0,
CUST1031,52.0,Female,East,2.0,
CUST1032,38.0,Unknown,East,4.0,Average
CUST1033,59.0,Female,North,2.0,
CUST1034,57.0,Male,North,4.0,Will come again
CUST1035,63.0,Female,South,4.0,
CUST1036,25.0,Male,East,2.0,
CUST1037,47.0,Female,South,4.0,Great service!
CUST1038,47.0,Male,?,5.0,Great service!
CUST1039,43.0,Male,North,4.0,
CUST1040,20.0,Male,South,5.0,Average
CUST1041,32.0,Male,South,3.0,
CUST1042,19.0,Male,East,,
CUST1043,27.0,Female,East,1.0,
CUST1044,61.0,Female,North,3.0,
CUST1045,63.0,Female,South,5.0,Not satisfied
CUST1046,37.0,Male,North,2.0,
CUST1047,37.0,Male,South,2.0,
CUST1048,,Female,East,2.0,Not satisfied
CUST1049,45.0,Male,South,2.0,
CUST1050,29.0,Male,South,2.0,Not satisfied
CUST1051,42.0,Male,South,3.0,Not satisfied
CUST1052,24.0,Female,South,3.0,
CUST1053,25.0,Female,North,3.0,
CUST1054,27.0,Male,South,-1.0,
CUST1055,22.0,Male,South,2.0,
CUST1056,34.0,Male,North,4.0,Great service!
CUST1057,,Female,?,4.0,Average
CUST1058,42.0,Female,Unknown,3.0,
CUST1059,66.0,Male,North,2.0,nan
CUST1060,68.0,Female,?,2.0,nan
CUST1061,29.0,Male,East,1.0,Average
CUST1062,19.0,Male,North,2.0,Great service!
CUST1063,53.0,Female,North,4.0,nan
CUST1064,66.0,Male,East,4.0,
CUST1065,49.0,Female,nan,3.0,Will come again
CUST1066,42.0,Female,East,1.0,nan
CUST1067,54.0,Male,East,3.0,Great service!
CUST1068,37.0,Male,South,1.0,
CUST1069,61.0,Male,East,3.0,nan
CUST1070,36.0,Female,South,3.0,Average
CUST1071,27.0,Male,North,1.0,
CUST1072,60.0,Female,East,4.0,Not satisfied
CUST1073,56.0,Female,nan,2.0,
CUST1074,31.0,Female,North,1.0,
CUST1075,31.0,Female,East,-1.0,nan
CUST1076,54.0,Male,East,3.0,Great service!
CUST1077,53.0,Male,South,4.0,
CUST1078,23.0,Female,North,4.0,
CUST1079,,Male,North,3.0,Average
CUST1080,53.0,Male,East,4.0,
CUST1081,35.0,Female,South,4.0,Not satisfied
CUST1082,68.0,Unknown,Unknown,5.0,Average
CUST1083,19.0,Female,East,4.0,
CUST1084,39.0,Male,North,5.0,
CUST1085,63.0,Unknown,East,3.0,
CUST1086,69.0,Male,North,4.0,
CUST1087,51.0,Male,North,4.0,
CUST1088,34.0,Female,Unknown,3.0,Not satisfied
CUST1089,47.0,Female,East,-1.0,
CUST1090,69.0,Female,South,2.0,
CUST1091,45.0,Unknown,North,4.0,
CUST1092,56.0,Female,North,-1.0,Not satisfied
CUST1093,57.0,nan,North,2.0,Not satisfied
CUST1094,22.0,Female,South,3.0,Great service!
CUST1095,63.0,Male,North,2.0,
CUST1096,34.0,Female,South,4.0,
CUST1097,56.0,Male,nan,1.0,Average
CUST1098,27.0,Male,nan,5.0,
CUST1099,64.0,Female,South,3.0,Will come again
CUST1100,28.0,Male,South,3.0,Not satisfied
CUST1101,65.0,Female,?,,
CUST1102,67.0,Female,North,3.0,
CUST1103,24.0,Male,North,4.0,Will come again
CUST1104,51.0,Female,nan,2.0,
CUST1105,40.0,Male,nan,1.0,Average
CUST1106,64.0,Female,South,4.0,
CUST1107,37.0,Male,North,2.0,
CUST1108,20.0,nan,North,2.0,Not satisfied
CUST1109,38.0,Female,North,3.0,
CUST1110,,Male,East,4.0,Average
CUST1111,58.0,Male,North,-1.0,
CUST1112,31.0,Male,Unknown,1.0,
CUST1113,56.0,Unknown,North,1.0,Average
CUST1114,48.0,Male,East,3.0,Will come again
CUST1115,61.0,Female,South,3.0,
CUST1116,18.0,Female,Unknown,2.0,Not satisfied
CUST1117,19.0,Male,North,5.0,Great service!
CUST1118,42.0,nan,South,4.0,Not satisfied
CUST1119,45.0,Unknown,North,3.0,
CUST1120,47.0,Male,East,4.0,
CUST1121,36.0,Female,North,,Will come again
CUST1122,22.0,Male,East,1.0,Average
CUST1123,44.0,Female,Unknown,3.0,
CUST1124,37.0,Female,South,1.0,Average
CUST1125,54.0,Female,East,2.0,
CUST1126,48.0,Male,Unknown,4.0,Average
CUST1127,23.0,Female,East,1.0,
CUST1128,20.0,Unknown,South,5.0,
CUST1129,55.0,Female,East,1.0,
CUST1130,59.0,nan,North,-1.0,
CUST1131,47.0,Male,South,1.0,
CUST1132,26.0,Male,East,,Not satisfied
CUST1133,62.0,Male,Unknown,1.0,Not satisfied
CUST1134,27.0,Female,North,3.0,
CUST1135,60.0,Male,North,-1.0,Average
CUST1136,28.0,Female,East,3.0,
CUST1137,39.0,Female,North,-1.0,
CUST1138,53.0,Unknown,Unknown,3.0,
CUST1139,23.0,Female,South,2.0,nan
CUST1140,59.0,nan,Unknown,3.0,Not satisfied
CUST1141,56.0,Male,Unknown,4.0,Will come again
CUST1142,23.0,Male,South,3.0,Great service!
CUST1143,21.0,Male,South,2.0,
CUST1144,26.0,Male,nan,3.0,nan
CUST1145,59.0,Male,North,1.0,
CUST1146,22.0,Female,North,2.0,Average
CUST1147,19.0,Female,East,4.0,
CUST1148,61.0,Female,East,3.0,Average
CUST1149,40.0,Male,North,5.0,
CUST1150,28.0,Male,North,4.0,nan
CUST1151,22.0,Male,East,2.0,Will come again
CUST1152,22.0,Female,North,5.0,
CUST1153,60.0,Female,South,3.0,
CUST1154,37.0,Male,East,1.0,Not satisfied
CUST1155,23.0,Male,North,3.0,nan
CUST1156,52.0,Male,South,4.0,Will come again
CUST1157,18.0,Male,East,4.0,
CUST1158,41.0,Male,North,3.0,
CUST1159,23.0,Female,?,1.0,
CUST1160,69.0,Male,?,3.0,nan
CUST1161,60.0,Unknown,South,3.0,
CUST1162,,Female,Unknown,3.0,
CUST1163,45.0,nan,South,1.0,Average
CUST1164,57.0,Male,East,5.0,Average
CUST1165,26.0,Female,South,4.0,nan
CUST1166,19.0,Male,East,3.0,
CUST1167,63.0,Male,North,1.0,
CUST1168,27.0,Female,South,3.0,
CUST1169,54.0,Female,South,4.0,
CUST1170,64.0,Female,East,2.0,Great service!
CUST1171,51.0,Female,North,2.0,Will come again
CUST1172,29.0,Female,North,2.0,
CUST1173,28.0,Male,?,4.0,Great service!
CUST1174,32.0,Male,North,2.0,Great service!
CUST1175,30.0,Female,South,2.0,Not satisfied
CUST1176,38.0,Female,North,4.0,
CUST1177,19.0,Male,East,3.0,
CUST1178,27.0,Female,North,1.0,Will come again
CUST1179,34.0,Male,North,3.0,Great service!
CUST1180,32.0,Male,East,3.0,
CUST1181,23.0,Female,East,5.0,Will come again
CUST1182,55.0,nan,North,3.0,
CUST1183,22.0,Male,East,2.0,
CUST1184,22.0,Unknown,North,1.0,
CUST1185,58.0,Female,North,,Not satisfied
CUST1186,,Female,East,3.0,
CUST1187,52.0,nan,South,1.0,
CUST1188,61.0,Male,South,4.0,
CUST1189,50.0,Female,North,2.0,Great service!
CUST1190,60.0,nan,Unknown,3.0,Will come again
CUST1191,63.0,Male,South,3.0,
CUST1192,,Female,North,3.0,Great service!
CUST1193,22.0,Female,North,,
CUST1194,36.0,Male,South,4.0,
CUST1195,55.0,Female,South,1.0,
CUST1196,50.0,Female,South,5.0,
CUST1197,64.0,Male,North,3.0,Not satisfied
CUST1198,18.0,Male,South,1.0,Not satisfied
CUST1199,63.0,Male,South,4.0,
CUST1200,59.0,Female,East,,
CUST1201,28.0,nan,East,5.0,Great service!
CUST1202,34.0,Male,East,4.0,Will come again
CUST1203,47.0,Female,South,,
CUST1204,56.0,Male,North,2.0,Average
CUST1205,46.0,Female,South,5.0,Great service!
CUST1206,47.0,Female,South,3.0,Great service!
CUST1207,39.0,Female,nan,3.0,Great service!
CUST1208,24.0,Unknown,South,-1.0,nan
CUST1209,18.0,Female,nan,1.0,Average
CUST1210,24.0,Male,East,1.0,
CUST1211,40.0,Female,South,3.0,Average
CUST1212,,Male,South,1.0,Will come again
CUST1213,31.0,Male,South,3.0,Not satisfied
CUST1214,39.0,Male,North,3.0,Great service!
CUST1215,39.0,Female,nan,4.0,Not satisfied
CUST1216,,Female,East,5.0,
CUST1217,21.0,Male,East,4.0,Not satisfied
CUST1218,51.0,Female,South,1.0,
CUST1219,56.0,Male,North,2.0,
CUST1220,63.0,Female,?,1.0,Will come again
CUST1221,33.0,Male,East,3.0,
CUST1222,63.0,Female,North,5.0,
CUST1223,41.0,Female,South,,
CUST1224,41.0,Female,East,1.0,
CUST1225,36.0,Female,North,4.0,
CUST1226,61.0,Male,East,5.0,
CUST1227,42.0,Male,East,3.0,Great service!
CUST1228,61.0,Male,East,2.0,Average
CUST1229,36.0,Female,East,2.0,Average
CUST1230,32.0,Female,East,1.0,Great service!
CUST1231,33.0,Female,South,-1.0,nan
CUST1232,45.0,Female,North,4.0,Not satisfied
CUST1233,33.0,Unknown,East,4.0,Average
CUST1234,44.0,Male,?,1.0,
CUST1235,33.0,Male,South,3.0,Average
CUST1236,58.0,Male,East,3.0,
CUST1237,,Female,North,1.0,
CUST1238,41.0,Male,Unknown,-1.0,
CUST1239,66.0,Female,East,5.0,Average
CUST1240,20.0,Male,North,3.0,Will come again
CUST1241,22.0,nan,nan,2.0,
CUST1242,,Female,South,3.0,
CUST1243,,Male,North,2.0,Will come again
CUST1244,58.0,Male,North,4.0,Not satisfied
CUST1245,49.0,Male,North,2.0,
CUST1246,36.0,Male,South,3.0,Average
CUST1247,61.0,Male,North,3.0,nan
CUST1248,36.0,Female,South,4.0,Not satisfied
CUST1249,39.0,Female,Unknown,1.0,
CUST1250,31.0,Male,North,1.0,Not satisfied
CUST1251,67.0,Female,North,2.0,
CUST1252,57.0,Female,South,1.0,
CUST1253,68.0,Female,North,1.0,Will come again
CUST1254,24.0,nan,North,1.0,nan
CUST1255,66.0,Female,South,-1.0,Average
CUST1256,54.0,Female,nan,1.0,Average
CUST1257,37.0,Male,East,2.0,
CUST1258,38.0,Male,North,,nan
CUST1259,23.0,Male,South,3.0,
CUST1260,23.0,Female,North,2.0,
CUST1261,36.0,Male,East,5.0,Average
CUST1262,60.0,Male,East,2.0,Great service!
CUST1263,63.0,Male,South,2.0,Average
CUST1264,50.0,Male,?,1.0,Average
CUST1265,,Male,North,3.0,
CUST1266,36.0,Female,North,3.0,
CUST1267,55.0,Male,East,3.0,
CUST1268,18.0,Male,North,4.0,
CUST1269,26.0,Male,East,3.0,Great service!
CUST1270,41.0,Male,North,4.0,
CUST1271,64.0,Female,East,1.0,
CUST1272,59.0,Female,South,1.0,
CUST1273,21.0,Female,East,3.0,
CUST1274,66.0,Female,East,2.0,
CUST1275,52.0,Male,East,3.0,Great service!
CUST1276,41.0,Female,North,3.0,
CUST1277,38.0,Male,East,5.0,
CUST1278,61.0,Female,East,5.0,
CUST1279,68.0,Female,East,4.0,
CUST1280,22.0,Male,South,,nan
CUST1281,40.0,Unknown,?,3.0,
CUST1282,31.0,Female,South,2.0,Average
CUST1283,62.0,Unknown,East,5.0,
CUST1284,26.0,Female,South,2.0,
CUST1285,69.0,Female,North,3.0,
CUST1286,43.0,Male,South,-1.0,
CUST1287,62.0,Male,East,4.0,
CUST1288,62.0,Male,South,3.0,
CUST1289,26.0,Female,North,5.0,nan
CUST1290,46.0,nan,North,3.0,
CUST1291,32.0,Male,North,1.0,
CUST1292,,Female,?,3.0,Will come again
CUST1293,62.0,Male,North,2.0,Great service!
CUST1294,32.0,Female,North,4.0,Not satisfied
CUST1295,56.0,Male,Unknown,4.0,
CUST1296,27.0,Male,East,4.0,Average
CUST1297,53.0,Male,South,1.0,Will come again
CUST1298,32.0,Female,East,3.0,
CUST1299,28.0,nan,South,-1.0,Average
CUST1300,24.0,Male,South,1.0,Will come again
CUST1301,37.0,Male,North,-1.0,Will come again
CUST1302,48.0,Female,North,5.0,Not satisfied
CUST1303,20.0,Male,nan,3.0,Not satisfied
CUST1304,28.0,Female,South,1.0,
CUST1305,48.0,Female,North,,
CUST1306,68.0,Male,North,4.0,
CUST1307,29.0,Male,East,3.0,
CUST1308,47.0,Male,South,4.0,
CUST1309,58.0,Female,North,3.0,
CUST1310,35.0,Male,South,4.0,nan
CUST1311,18.0,Female,North,2.0,Average
CUST1312,55.0,Male,East,4.0,
CUST1313,68.0,Female,South,,
CUST1314,64.0,Male,East,2.0,Not satisfied
CUST1315,65.0,Male,East,2.0,Great service!
CUST1316,49.0,Male,North,,
CUST1317,39.0,Male,East,2.0,Not satisfied
CUST1318,18.0,Female,nan,2.0,
CUST1319,36.0,Male,North,-1.0,
CUST1320,31.0,Male,East,4.0,Will come again
CUST1321,57.0,Male,North,2.0,
CUST1322,59.0,Female,South,2.0,Average
CUST1323,47.0,Female,Unknown,4.0,nan
CUST1324,19.0,Female,North,4.0,
CUST1325,69.0,Female,East,4.0,nan
CUST1326,65.0,Male,North,3.0,
CUST1327,62.0,Female,East,1.0,Not satisfied
CUST1328,50.0,Female,North,3.0,Will come again
CUST1329,66.0,Female,South,-1.0,
CUST1330,60.0,Unknown,South,5.0,
CUST1331,52.0,Female,North,3.0,
CUST1332,49.0,nan,North,1.0,Average
CUST1333,,Female,North,2.0,Great service!
CUST1334,25.0,nan,East,1.0,
CUST1335,22.0,Male,North,3.0,
CUST1336,61.0,Female,South,1.0,Not satisfied
CUST1337,23.0,Male,East,5.0,Will come again
CUST1338,52.0,Female,North,2.0,Not satisfied
CUST1339,32.0,Female,East,,
CUST1340,42.0,Male,Unknown,4.0,Not satisfied
CUST1341,51.0,Female,North,1.0,Not satisfied
CUST1342,51.0,Female,?,2.0,nan
CUST1343,25.0,Unknown,East,5.0,
CUST1344,33.0,Female,North,1.0,Will come again
CUST1345,24.0,Male,South,1.0,
CUST1346,63.0,Male,East,5.0,
CUST1347,29.0,Male,East,2.0,
CUST1348,49.0,Male,East,4.0,
CUST1349,26.0,Female,?,3.0,Not satisfied
CUST1350,39.0,Female,East,2.0,
CUST1351,31.0,Female,East,4.0,Will come again
CUST1352,30.0,Male,North,2.0,Not satisfied
CUST1353,28.0,Female,East,3.0,Great service!
CUST1354,42.0,Female,South,1.0,
CUST1355,64.0,Male,East,2.0,
CUST1356,66.0,Male,East,4.0,
CUST1357,50.0,Female,?,-1.0,
CUST1358,33.0,Female,North,-1.0,
CUST1359,19.0,Female,nan,,Will come again
CUST1360,42.0,Male,North,1.0,Not satisfied
CUST1361,24.0,Female,North,3.0,Will come again
CUST1362,,Male,Unknown,1.0,
CUST1363,30.0,Unknown,East,-1.0,Not satisfied
CUST1364,47.0,Male,South,3.0,Not satisfied
CUST1365,,Male,?,4.0,
CUST1366,31.0,Female,?,2.0,
CUST1367,59.0,Female,North,,
CUST1368,36.0,Female,?,,
CUST1369,,Male,?,2.0,Average
CUST1370,47.0,Male,East,4.0,Average
CUST1371,55.0,Male,South,3.0,
CUST1372,29.0,Female,Unknown,3.0,Average
CUST1373,46.0,Female,East,1.0,
CUST1374,51.0,Female,nan,1.0,Average
CUST1375,56.0,Female,East,3.0,
CUST1376,60.0,Female,South,2.0,
CUST1377,62.0,Female,North,2.0,Great service!
CUST1378,67.0,Male,nan,-1.0,Will come again
CUST1379,29.0,Female,East,2.0,
CUST1380,43.0,Female,East,3.0,
CUST1381,33.0,Female,East,4.0,
CUST1382,55.0,Male,South,5.0,
CUST1383,37.0,Female,nan,4.0,
CUST1384,56.0,Female,Unknown,3.0,Will come again
CUST1385,39.0,Male,East,1.0,
CUST1386,57.0,Female,East,-1.0,
CUST1387,23.0,Male,East,3.0,Average
CUST1388,48.0,Male,North,4.0,Not satisfied
CUST1389,28.0,Unknown,South,3.0,
CUST1390,28.0,Female,East,1.0,nan
CUST1391,68.0,Male,Unknown,2.0,
CUST1392,69.0,Male,East,1.0,
CUST1393,,Female,North,1.0,
CUST1394,,Female,North,1.0,
CUST1395,60.0,Female,South,,
CUST1396,55.0,Female,East,1.0,Will come again
CUST1397,,Female,North,5.0,
CUST1398,40.0,Male,South,3.0,Will come again
CUST1399,52.0,Unknown,South,1.0,Will come again
CUST1400,36.0,Male,nan,2.0,
CUST1401,32.0,Male,South,2.0,
CUST1402,64.0,Female,North,3.0,Will come again
CUST1403,46.0,Female,nan,3.0,Not satisfied
CUST1404,24.0,Male,North,4.0,
CUST1405,20.0,Male,North,-1.0,
CUST1406,49.0,Male,East,4.0,nan
CUST1407,26.0,Female,East,2.0,
CUST1408,39.0,Male,North,3.0,
CUST1409,35.0,Male,East,2.0,
CUST1410,34.0,Male,South,4.0,Average
CUST1411,,Male,North,3.0,nan
CUST1412,25.0,Male,East,1.0,
CUST1413,24.0,Male,East,1.0,
CUST1414,57.0,Female,nan,3.0,
CUST1415,54.0,Male,North,-1.0,
CUST1416,36.0,Female,nan,5.0,
CUST1417,41.0,Male,nan,2.0,Will come again
CUST1418,37.0,Female,South,4.0,Average
CUST1419,56.0,Male,East,-1.0,
CUST1420,18.0,Female,South,-1.0,Will come again
CUST1421,18.0,Male,North,3.0,
CUST1422,51.0,nan,North,5.0,Not satisfied
CUST1423,65.0,Male,Unknown,5.0,nan
CUST1424,28.0,Male,Unknown,-1.0,Will come again
CUST1425,29.0,Female,North,3.0,
CUST1426,40.0,Male,South,4.0,Not satisfied
CUST1427,,nan,South,5.0,nan
CUST1428,42.0,Female,North,1.0,
CUST1429,63.0,Male,North,5.0,
CUST1430,34.0,Male,nan,3.0,nan
CUST1431,45.0,nan,South,3.0,Great service!
CUST1432,21.0,Male,North,4.0,Will come again
CUST1433,19.0,Female,North,3.0,nan
CUST1434,23.0,Female,East,2.0,
CUST1435,41.0,Female,?,3.0,Not satisfied
CUST1436,19.0,Male,South,2.0,
CUST1437,26.0,Male,South,,Will come again
CUST1438,59.0,Female,South,4.0,Great service!
CUST1439,25.0,Male,Unknown,2.0,
CUST1440,28.0,Male,South,2.0,
CUST1441,62.0,Male,North,4.0,Will come again
CUST1442,69.0,Male,South,3.0,
CUST1443,62.0,Male,?,,
CUST1444,53.0,Female,North,1.0,Will come again
CUST1445,56.0,Male,South,3.0,
CUST1446,32.0,Female,South,4.0,
CUST1447,48.0,Female,South,5.0,nan
CUST1448,59.0,Male,South,1.0,
CUST1449,34.0,Male,South,3.0,
CUST1450,40.0,Male,North,2.0,nan
CUST1451,23.0,nan,North,5.0,
CUST1452,56.0,Female,North,3.0,
CUST1453,53.0,Female,North,2.0,
CUST1454,18.0,Male,Unknown,-1.0,Will come again
CUST1455,59.0,Male,?,4.0,Not satisfied
CUST1456,18.0,Male,South,2.0,Not satisfied
CUST1457,41.0,Male,North,1.0,nan
CUST1458,63.0,Female,North,3.0,
CUST1459,38.0,Male,East,2.0,
CUST1460,26.0,Female,North,2.0,
CUST1461,63.0,Female,North,3.0,
CUST1462,19.0,Male,North,5.0,Not satisfied
CUST1463,58.0,Unknown,South,4.0,Great service!
CUST1464,29.0,Unknown,South,5.0,
CUST1465,30.0,Female,East,,Great service!
CUST1466,33.0,Female,South,,
CUST1467,55.0,Female,South,2.0,nan
CUST1468,38.0,Male,South,5.0,Will come again
CUST1469,39.0,Male,?,3.0,
CUST1470,61.0,Female,North,4.0,Will come again
CUST1471,67.0,Female,North,1.0,Average
CUST1472,27.0,Male,South,2.0,nan
CUST1473,29.0,Male,East,2.0,Will come again
CUST1474,60.0,Female,North,4.0,Will come again
CUST1475,53.0,Female,East,-1.0,Not satisfied
CUST1476,46.0,Female,South,-1.0,
CUST1477,21.0,Female,East,5.0,nan
CUST1478,54.0,Male,North,4.0,
CUST1479,22.0,Female,South,2.0,
CUST1480,36.0,Male,?,5.0,Will come again
CUST1481,53.0,Female,South,4.0,
CUST1482,39.0,Female,South,2.0,
CUST1483,60.0,Male,North,1.0,
CUST1484,19.0,Female,North,1.0,Will come again
CUST1485,38.0,Male,?,1.0,
CUST1486,62.0,Female,South,,Average
CUST1487,30.0,Female,South,2.0,Great service!
CUST1488,57.0,Unknown,South,4.0,nan
CUST1489,,nan,South,2.0,Will come again
CUST1490,50.0,Male,South,5.0,
CUST1491,35.0,nan,South,4.0,Not satisfied
CUST1492,43.0,Male,South,1.0,Not satisfied
CUST1493,68.0,Male,East,1.0,Not satisfied
CUST1494,24.0,Male,North,-1.0,
CUST1495,37.0,Male,North,3.0,
CUST1496,39.0,Female,Unknown,2.0,Not satisfied
CUST1497,,Female,East,1.0,Will come again
CUST1498,61.0,Male,East,4.0,Average
CUST1499,36.0,Male,?,3.0,Not satisfied
CUST1500,54.0,Male,South,1.0,Average
CUST1501,37.0,Female,East,4.0,
CUST1502,37.0,Female,South,5.0,
CUST1503,53.0,Male,North,3.0,
CUST1504,43.0,Male,North,3.0,Average
CUST1505,41.0,Female,South,-1.0,Will come again
CUST1506,69.0,Female,?,3.0,Great service!
CUST1507,43.0,Unknown,South,3.0,
CUST1508,57.0,Male,South,5.0,Not satisfied
CUST1509,25.0,Male,South,2.0,Great service!
CUST1510,57.0,Female,South,3.0,
CUST1511,35.0,Male,South,5.0,Great service!
CUST1512,49.0,Male,?,-1.0,Will come again
CUST1513,23.0,Male,East,3.0,
CUST1514,56.0,Male,South,4.0,
CUST1515,29.0,Female,East,4.0,Not satisfied
CUST1516,57.0,Male,South,2.0,Will come again
CUST1517,24.0,nan,Unknown,5.0,Will come again
CUST1518,58.0,Male,East,5.0,
CUST1519,69.0,Male,South,3.0,Not satisfied
CUST1520,36.0,Female,South,4.0,nan
CUST1521,27.0,Male,East,1.0,Will come again
CUST1522,68.0,Female,East,-1.0,
CUST1523,38.0,Female,East,4.0,Average
CUST1524,58.0,Female,Unknown,5.0,Great service!
CUST1525,30.0,Male,North,2.0,
CUST1526,68.0,Male,?,2.0,
CUST1527,63.0,Female,Unknown,3.0,Will come again
CUST1528,,Female,North,4.0,
CUST1529,30.0,Female,nan,,
CUST1530,68.0,Unknown,nan,5.0,Average
CUST1531,25.0,Male,South,2.0,
CUST1532,44.0,Male,North,4.0,
CUST1533,19.0,nan,East,1.0,
CUST1534,43.0,Female,South,4.0,
CUST1535,56.0,Male,South,3.0,nan
CUST1536,42.0,Female,East,4.0,Average
CUST1537,22.0,Female,Unknown,3.0,
CUST1538,39.0,Female,East,2.0,Great service!
CUST1539,20.0,Female,South,3.0,nan
CUST1540,21.0,Unknown,North,1.0,
CUST1541,41.0,Female,East,3.0,
CUST1542,53.0,Female,South,4.0,nan
CUST1543,57.0,Male,East,5.0,
CUST1544,26.0,Male,?,5.0,Not satisfied
CUST1545,37.0,Female,South,4.0,Not satisfied
CUST1546,46.0,Male,South,3.0,Average
CUST1547,45.0,Male,North,2.0,Will come again
CUST1548,39.0,Male,North,3.0,
CUST1549,19.0,Male,South,5.0,Will come again
CUST1550,52.0,Male,East,2.0,
CUST1551,60.0,Male,South,3.0,
CUST1552,55.0,Male,North,4.0,
CUST1553,69.0,Male,East,2.0,Will come again
CUST1554,42.0,Male,South,3.0,
CUST1555,19.0,Female,East,1.0,Great service!
CUST1556,36.0,Female,East,4.0,Average
CUST1557,41.0,nan,South,4.0,nan
CUST1558,36.0,Male,North,4.0,
CUST1559,59.0,Male,South,2.0,
CUST1560,38.0,Female,East,4.0,
CUST1561,64.0,Male,East,3.0,Not satisfied
CUST1562,51.0,Male,South,2.0,
CUST1563,32.0,Male,?,2.0,
CUST1564,20.0,Female,South,3.0,
CUST1565,31.0,Male,North,2.0,
CUST1566,39.0,Male,South,3.0,Not satisfied
CUST1567,46.0,Female,East,3.0,
CUST1568,,Female,South,3.0,
CUST1569,18.0,Female,South,5.0,
CUST1570,62.0,Female,North,3.0,
CUST1571,64.0,Female,East,3.0,
CUST1572,61.0,Male,North,3.0,Will come again
CUST1573,56.0,Male,North,1.0,Will come again
CUST1574,25.0,Male,North,-1.0,
CUST1575,19.0,Female,East,1.0,Average
CUST1576,61.0,Female,South,1.0,
CUST1577,,Female,?,2.0,Not satisfied
CUST1578,18.0,Female,East,-1.0,Will come again
CUST1579,60.0,Female,South,3.0,Great service!
CUST1580,53.0,Male,South,3.0,
CUST1581,50.0,Female,East,4.0,
CUST1582,31.0,Male,South,,Not satisfied
CUST1583,20.0,Male,East,2.0,nan
CUST1584,46.0,Male,?,-1.0,Will come again
CUST1585,63.0,Male,North,-1.0,
CUST1586,35.0,Male,South,1.0,
CUST1587,21.0,Female,South,3.0,Not satisfied
CUST1588,23.0,Female,South,2.0,
CUST1589,46.0,Male,South,,
CUST1590,48.0,Female,North,2.0,Great service!
CUST1591,18.0,Male,South,3.0,Average
CUST1592,63.0,Female,?,,Not satisfied
CUST1593,69.0,Female,nan,3.0,nan
CUST1594,50.0,Male,East,1.0,Great service!
CUST1595,20.0,Female,South,5.0,
CUST1596,67.0,Female,North,3.0,Will come again
CUST1597,42.0,Female,South,4.0,Average
CUST1598,55.0,Female,Unknown,4.0,Great service!
CUST1599,35.0,Female,East,1.0,
CUST1600,27.0,Male,East,5.0,Great service!
CUST1601,64.0,Female,South,4.0,Not satisfied
CUST1602,26.0,Male,North,3.0,
CUST1603,30.0,Female,East,1.0,
CUST1604,22.0,Male,South,5.0,Not satisfied
CUST1605,69.0,Female,nan,5.0,
CUST1606,43.0,Male,nan,1.0,Average
CUST1607,20.0,Female,South,3.0,Great service!
CUST1608,20.0,Male,North,1.0,
CUST1609,39.0,Female,North,1.0,
CUST1610,60.0,Male,nan,2.0,
CUST1611,62.0,Female,East,2.0,nan
CUST1612,54.0,Male,South,3.0,
CUST1613,22.0,Female,East,,Great service!
CUST1614,30.0,Female,South,3.0,
CUST1615,51.0,Male,North,2.0,Great service!
CUST1616,,Female,South,5.0,Not satisfied
CUST1617,46.0,Female,South,3.0,Average
CUST1618,56.0,Male,North,4.0,Average
CUST1619,20.0,Female,North,5.0,
CUST1620,21.0,Unknown,North,4.0,
CUST1621,26.0,Male,South,4.0,
CUST1622,34.0,Male,East,3.0,Average
CUST1623,29.0,Unknown,nan,3.0,
CUST1624,52.0,Unknown,North,3.0,Will come again
CUST1625,24.0,nan,North,3.0,
CUST1626,36.0,Female,South,4.0,Average
CUST1627,46.0,Female,nan,1.0,
CUST1628,55.0,Male,North,2.0,Average
CUST1629,21.0,Male,South,4.0,Will come again
CUST1630,22.0,Female,North,1.0,
CUST1631,31.0,Unknown,East,3.0,
CUST1632,20.0,Male,East,3.0,
CUST1633,19.0,Male,North,5.0,Not satisfied
CUST1634,21.0,Female,East,4.0,nan
CUST1635,30.0,Unknown,Unknown,3.0,Average
CUST1636,29.0,Unknown,South,2.0,
CUST1637,25.0,Female,South,1.0,
CUST1638,67.0,Female,East,1.0,
CUST1639,64.0,Male,South,2.0,
CUST1640,34.0,Unknown,South,1.0,Average
CUST1641,24.0,Male,South,-1.0,Not satisfied
CUST1642,28.0,Female,nan,4.0,Will come again
CUST1643,45.0,Male,South,2.0,Average
CUST1644,65.0,Female,North,4.0,Will come again
CUST1645,22.0,Female,South,-1.0,
CUST1646,44.0,Female,nan,3.0,
CUST1647,42.0,Male,North,2.0,Will come again
CUST1648,67.0,Male,South,-1.0,
CUST1649,57.0,Female,East,1.0,Average
CUST1650,68.0,Female,South,4.0,
CUST1651,41.0,Female,North,2.0,nan
CUST1652,31.0,Male,East,2.0,
CUST1653,56.0,Male,South,2.0,nan
CUST1654,48.0,Female,East,1.0,Average
CUST1655,26.0,Female,nan,2.0,Great service!
CUST1656,46.0,Male,North,4.0,Average
CUST1657,50.0,Male,North,2.0,
CUST1658,53.0,Male,North,1.0,
CUST1659,27.0,Male,Unknown,4.0,Great service!
CUST1660,51.0,Male,East,3.0,
CUST1661,61.0,Male,East,4.0,Will come again
CUST1662,26.0,Male,South,4.0,
CUST1663,56.0,Male,North,1.0,Average
CUST1664,,Male,nan,3.0,
CUST1665,,Female,South,3.0,Not satisfied
CUST1666,35.0,Female,?,5.0,
CUST1667,59.0,Female,North,3.0,
CUST1668,64.0,Female,South,1.0,Will come again
CUST1669,27.0,Male,nan,,nan
CUST1670,25.0,Female,East,-1.0,Not satisfied
CUST1671,58.0,Female,North,1.0,nan
CUST1672,33.0,Female,East,3.0,nan
CUST1673,53.0,Male,North,4.0,
CUST1674,59.0,Female,East,,Average
CUST1675,58.0,Male,East,1.0,
CUST1676,53.0,Male,North,2.0,nan
CUST1677,59.0,Male,East,4.0,nan
CUST1678,45.0,Male,East,4.0,
CUST1679,55.0,Female,North,1.0,nan
CUST1680,38.0,Female,South,4.0,
CUST1681,36.0,Male,North,1.0,Average
CUST1682,24.0,Female,North,1.0,nan
CUST1683,29.0,Male,North,3.0,Will come again
CUST1684,20.0,Female,North,3.0,
CUST1685,48.0,Female,North,2.0,
CUST1686,29.0,nan,South,4.0,
CUST1687,19.0,Male,North,1.0,
CUST1688,27.0,Male,East,3.0,
CUST1689,58.0,Male,North,,
CUST1690,40.0,Female,North,4.0,
CUST1691,35.0,Male,South,-1.0,Average
CUST1692,,Male,South,2.0,
CUST1693,67.0,Male,East,2.0,Not satisfied
CUST1694,19.0,Female,Unknown,1.0,nan
CUST1695,38.0,Female,South,1.0,
CUST1696,65.0,Female,Unknown,1.0,Average
CUST1697,51.0,Male,North,2.0,Not satisfied
CUST1698,48.0,Male,South,1.0,Great service!
CUST1699,47.0,Male,South,,
CUST1700,,Female,North,-1.0,Will come again
CUST1701,65.0,Unknown,East,3.0,
CUST1702,67.0,Female,North,3.0,Will come again
CUST1703,35.0,Male,nan,2.0,
CUST1704,35.0,Female,South,2.0,
CUST1705,45.0,Male,South,2.0,
CUST1706,24.0,Male,North,3.0,Not satisfied
CUST1707,58.0,Unknown,North,-1.0,
CUST1708,,Male,South,3.0,
CUST1709,69.0,Male,South,4.0,Not satisfied
CUST1710,30.0,Female,Unknown,5.0,
CUST1711,67.0,nan,South,3.0,Great service!
CUST1712,,Male,East,2.0,Will come again
CUST1713,25.0,Male,East,3.0,
CUST1714,50.0,Female,North,2.0,nan
CUST1715,34.0,Male,South,2.0,Not satisfied
CUST1716,27.0,Female,East,3.0,
CUST1717,47.0,Male,North,4.0,Will come again
CUST1718,48.0,Male,East,1.0,Not satisfied
CUST1719,66.0,Female,South,5.0,
CUST1720,68.0,nan,East,-1.0,
CUST1721,32.0,Male,nan,2.0,
CUST1722,35.0,Female,North,2.0,
CUST1723,25.0,Female,North,4.0,
CUST1724,44.0,Male,East,2.0,
CUST1725,51.0,Female,North,3.0,Not satisfied
CUST1726,30.0,Female,North,5.0,nan
CUST1727,41.0,Female,North,4.0,Will come again
CUST1728,40.0,Female,South,2.0,Great service!
CUST1729,54.0,Female,North,3.0,
CUST1730,58.0,nan,South,3.0,
CUST1731,29.0,Male,East,3.0,
CUST1732,67.0,Female,South,4.0,
CUST1733,58.0,Male,Unknown,1.0,
CUST1734,69.0,Male,Unknown,2.0,
CUST1735,65.0,Female,South,1.0,
CUST1736,44.0,Female,North,4.0,
CUST1737,56.0,Female,East,,Average
CUST1738,56.0,Male,North,3.0,Great service!
CUST1739,22.0,Male,North,2.0,
CUST1740,49.0,Female,South,5.0,
CUST1741,66.0,Female,East,4.0,Will come again
CUST1742,18.0,Male,South,5.0,Will come again
CUST1743,64.0,Female,North,1.0,
CUST1744,34.0,Female,East,3.0,Will come again
CUST1745,59.0,Female,South,,nan
CUST1746,68.0,Female,South,4.0,Great service!
CUST1747,40.0,Female,South,2.0,
CUST1748,41.0,Female,South,3.0,Average
CUST1749,65.0,Female,North,4.0,
CUST1750,30.0,Female,North,3.0,Average
CUST1751,,Female,South,3.0,
CUST1752,48.0,Male,East,4.0,
CUST1753,37.0,Male,East,2.0,
CUST1754,68.0,Female,North,1.0,
CUST1755,56.0,Male,South,2.0,
CUST1756,25.0,Female,North,2.0,
CUST1757,35.0,Male,South,1.0,
CUST1758,68.0,Female,South,1.0,
CUST1759,47.0,Male,East,4.0,
CUST1760,66.0,Male,East,3.0,nan
CUST1761,69.0,Male,North,1.0,Average
CUST1762,46.0,Female,North,3.0,Will come again
CUST1763,69.0,Male,nan,-1.0,
CUST1764,40.0,Female,South,2.0,
CUST1765,23.0,Male,nan,5.0,
CUST1766,44.0,Female,East,2.0,Will come again
CUST1767,28.0,Female,East,3.0,
CUST1768,44.0,Female,Unknown,3.0,nan
CUST1769,41.0,Female,South,2.0,Average
CUST1770,,Female,North,1.0,
CUST1771,34.0,Male,North,3.0,
CUST1772,47.0,Male,South,1.0,
CUST1773,51.0,Female,North,5.0,
CUST1774,18.0,Female,East,2.0,Average
CUST1775,57.0,Male,South,2.0,
CUST1776,,Male,South,3.0,Will come again
CUST1777,18.0,Male,North,3.0,Great service!
CUST1778,25.0,Male,North,2.0,nan
CUST1779,45.0,Female,South,3.0,
CUST1780,36.0,Female,East,4.0,
CUST1781,48.0,Male,East,1.0,Average
CUST1782,22.0,Male,South,1.0,
CUST1783,49.0,Male,North,3.0,nan
CUST1784,41.0,Female,nan,2.0,
CUST1785,53.0,nan,South,-1.0,
CUST1786,57.0,Male,South,-1.0,
CUST1787,21.0,Male,North,1.0,
CUST1788,60.0,Male,East,4.0,nan
CUST1789,42.0,Male,North,4.0,Great service!
CUST1790,51.0,Male,North,5.0,
CUST1791,57.0,Female,Unknown,,
CUST1792,48.0,Female,East,4.0,Not satisfied
CUST1793,43.0,Male,South,4.0,
CUST1794,41.0,Female,North,3.0,Great service!
CUST1795,67.0,Male,North,2.0,
CUST1796,64.0,Female,South,1.0,Not satisfied
CUST1797,40.0,Male,South,3.0,nan
CUST1798,56.0,Female,East,2.0,Average
CUST1799,52.0,Male,South,2.0,Not satisfied
CUST1800,60.0,Male,South,2.0,
CUST1801,51.0,Unknown,South,4.0,
CUST1802,22.0,Male,South,5.0,
CUST1803,62.0,Female,South,4.0,
CUST1804,20.0,Female,East,4.0,
CUST1805,24.0,Unknown,North,3.0,Not satisfied
CUST1806,46.0,Male,East,1.0,Not satisfied
CUST1807,18.0,nan,South,1.0,
CUST1808,46.0,Unknown,East,5.0,
CUST1809,48.0,Female,North,1.0,Will come again
CUST1810,39.0,Male,East,3.0,Great service!
CUST1811,28.0,Unknown,East,-1.0,
CUST1812,66.0,Female,Unknown,1.0,Not satisfied
CUST1813,45.0,nan,North,2.0,
CUST1814,43.0,Unknown,North,3.0,
CUST1815,36.0,Male,North,3.0,Not satisfied
CUST1816,55.0,Female,South,3.0,Not satisfied
CUST1817,64.0,Female,East,3.0,
CUST1818,22.0,Female,East,2.0,nan
CUST1819,40.0,Female,North,1.0,
CUST1820,66.0,Male,nan,3.0,Average
CUST1821,21.0,Female,South,2.0,Average
CUST1822,38.0,nan,East,3.0,Average
CUST1823,21.0,Female,North,1.0,
CUST1824,40.0,Male,South,2.0,Average
CUST1825,,Male,?,3.0,Great service!
CUST1826,32.0,Male,East,3.0,
CUST1827,34.0,Female,North,2.0,Great service!
CUST1828,19.0,Female,?,4.0,nan
CUST1829,28.0,Female,North,,
CUST1830,67.0,Female,?,5.0,Great service!
CUST1831,22.0,Male,East,2.0,Not satisfied
CUST1832,46.0,Male,?,3.0,nan
CUST1833,42.0,Female,East,5.0,Will come again
CUST1834,19.0,Male,North,,
CUST1835,49.0,Female,North,3.0,
CUST1836,69.0,Female,?,1.0,Will come again
CUST1837,47.0,Female,South,3.0,Not satisfied
CUST1838,54.0,Female,South,4.0,Not satisfied
CUST1839,31.0,Male,South,4.0,
CUST1840,68.0,Male,?,5.0,
CUST1841,37.0,Male,North,1.0,
CUST1842,42.0,nan,South,4.0,
CUST1843,33.0,Female,?,4.0,
CUST1844,27.0,Male,East,2.0,
CUST1845,31.0,Male,nan,-1.0,
CUST1846,41.0,Unknown,Unknown,3.0,Great service!
CUST1847,60.0,Female,East,1.0,
CUST1848,46.0,Unknown,East,3.0,Great service!
CUST1849,30.0,Female,?,3.0,Average
CUST1850,42.0,nan,East,1.0,Not satisfied
CUST1851,40.0,Male,East,4.0,Average
CUST1852,,Female,East,3.0,Average
CUST1853,50.0,Male,East,-1.0,
CUST1854,49.0,Male,South,1.0,Average
CUST1855,55.0,Male,East,3.0,
CUST1856,65.0,Unknown,South,4.0,
CUST1857,57.0,Unknown,North,3.0,
CUST1858,,Male,North,1.0,Not satisfied
CUST1859,69.0,Male,North,-1.0,
CUST1860,66.0,Male,East,,Average
CUST1861,20.0,Unknown,East,4.0,Average
CUST1862,19.0,Male,North,3.0,
CUST1863,60.0,Male,North,1.0,
CUST1864,50.0,Female,East,3.0,Great service!
CUST1865,52.0,Female,South,1.0,Great service!
CUST1866,58.0,Male,East,2.0,Not satisfied
CUST1867,50.0,Female,East,5.0,
CUST1868,55.0,nan,East,3.0,
CUST1869,46.0,Male,South,5.0,
CUST1870,60.0,Male,South,3.0,Not satisfied
CUST1871,69.0,Male,East,3.0,Will come again
CUST1872,50.0,Female,North,1.0,Great service!
CUST1873,33.0,Female,East,4.0,Great service!
CUST1874,65.0,Male,South,4.0,Will come again
CUST1875,26.0,Male,East,2.0,Average
CUST1876,29.0,Male,North,1.0,Will come again
CUST1877,22.0,Female,?,-1.0,
CUST1878,58.0,Female,South,1.0,
CUST1879,47.0,Unknown,East,1.0,
CUST1880,46.0,Male,North,4.0,Not satisfied
CUST1881,59.0,Male,East,3.0,
CUST1882,56.0,Male,North,3.0,Great service!
CUST1883,36.0,Female,South,4.0,Average
CUST1884,39.0,Female,nan,4.0,
CUST1885,44.0,Female,East,2.0,nan
CUST1886,29.0,Female,North,3.0,
CUST1887,27.0,nan,East,-1.0,
CUST1888,32.0,Male,East,2.0,
CUST1889,,Male,North,2.0,nan
CUST1890,29.0,Male,South,3.0,Will come again
CUST1891,47.0,Female,North,2.0,Average
CUST1892,69.0,Male,East,4.0,nan
CUST1893,47.0,Male,South,2.0,Will come again
CUST1894,24.0,Unknown,East,3.0,
CUST1895,66.0,Female,South,,
CUST1896,68.0,Male,South,4.0,Average
CUST1897,56.0,Unknown,North,4.0,
CUST1898,28.0,nan,?,2.0,Not satisfied
CUST1899,63.0,Male,East,1.0,
CUST1900,60.0,Female,South,3.0,Average
CUST1901,36.0,Female,East,,
CUST1902,69.0,Male,East,3.0,
CUST1903,20.0,Male,South,1.0,Will come again
CUST1904,55.0,Female,South,1.0,
CUST1905,53.0,Male,Unknown,5.0,
CUST1906,43.0,Male,?,2.0,Average
CUST1907,51.0,Male,East,5.0,
CUST1908,48.0,Male,South,2.0,
CUST1909,41.0,Female,North,-1.0,Average
CUST1910,68.0,Female,North,2.0,Average
CUST1911,,Male,North,2.0,
CUST1912,69.0,Female,North,4.0,nan
CUST1913,38.0,Male,North,3.0,
CUST1914,38.0,Male,East,4.0,
CUST1915,64.0,Female,?,3.0,Not satisfied
CUST1916,61.0,Female,East,1.0,Will come again
CUST1917,35.0,Male,East,2.0,Average
CUST1918,68.0,Male,South,4.0,Will come again
CUST1919,35.0,Male,East,,
CUST1920,22.0,Male,North,-1.0,nan
CUST1921,26.0,Male,East,4.0,
CUST1922,41.0,Unknown,East,4.0,
CUST1923,36.0,Unknown,East,2.0,
CUST1924,19.0,Male,South,4.0,
CUST1925,49.0,Female,Unknown,1.0,nan
CUST1926,56.0,Male,South,3.0,Not satisfied
CUST1927,32.0,Male,North,5.0,
CUST1928,21.0,Female,South,1.0,
CUST1929,34.0,nan,North,4.0,Average
CUST1930,35.0,Female,?,3.0,
CUST1931,25.0,Male,North,1.0,Not satisfied
CUST1932,19.0,Male,North,4.0,
CUST1933,21.0,Male,North,2.0,Not satisfied
CUST1934,42.0,Male,North,2.0,Great service!
CUST1935,27.0,Male,South,5.0,
CUST1936,66.0,Male,South,4.0,
CUST1937,27.0,Female,East,4.0,
CUST1938,41.0,nan,South,3.0,
CUST1939,69.0,Female,North,4.0,Average
CUST1940,48.0,Female,North,3.0,
CUST1941,63.0,Female,North,5.0,nan
CUST1942,38.0,Male,East,4.0,
CUST1943,46.0,Male,South,3.0,Great service!
CUST1944,44.0,Female,North,,
CUST1945,64.0,Female,East,2.0,
CUST1946,54.0,nan,North,1.0,Great service!
CUST1947,22.0,Male,nan,-1.0,Great service!
CUST1948,52.0,Unknown,Unknown,-1.0,Average
CUST1949,63.0,Male,North,3.0,Not satisfied
CUST1950,58.0,Female,South,5.0,nan
CUST1951,34.0,Female,South,3.0,
CUST1952,54.0,Male,East,3.0,
CUST1953,39.0,Male,South,5.0,
CUST1954,33.0,Female,Unknown,2.0,Average
CUST1955,47.0,Female,South,3.0,Average
CUST1956,49.0,Male,East,3.0,
CUST1957,67.0,Male,South,5.0,Not satisfied
CUST1958,64.0,Male,North,3.0,
CUST1959,51.0,Female,North,3.0,Great service!
CUST1960,53.0,Female,?,5.0,
CUST1961,29.0,Female,Unknown,4.0,
CUST1962,45.0,Male,North,2.0,
CUST1963,48.0,Female,?,-1.0,
CUST1964,46.0,Male,North,2.0,Great service!
CUST1965,,Male,East,4.0,Not satisfied
CUST1966,27.0,Female,East,4.0,nan
CUST1967,61.0,Female,North,5.0,
CUST1968,19.0,Female,North,2.0,
CUST1969,56.0,Female,South,3.0,Average
CUST1970,23.0,nan,North,3.0,
CUST1971,26.0,Male,South,3.0,
CUST1972,42.0,Female,East,3.0,
CUST1973,33.0,Male,nan,1.0,Great service!
CUST1974,56.0,Female,South,5.0,
CUST1975,18.0,Male,South,1.0,
CUST1976,59.0,Female,East,3.0,
CUST1977,68.0,Male,South,5.0,
CUST1978,31.0,Male,South,3.0,Average
CUST1979,45.0,Female,South,3.0,nan
CUST1980,56.0,Female,North,2.0,Great service!
CUST1981,68.0,Female,nan,3.0,Will come again
CUST1982,42.0,Male,East,,
CUST1983,52.0,Male,East,2.0,
CUST1984,50.0,Female,East,5.0,
CUST1985,30.0,nan,East,3.0,Will come again
CUST1986,67.0,Female,nan,4.0,
CUST1987,20.0,Male,North,4.0,Not satisfied
CUST1988,32.0,Male,South,-1.0,
CUST1989,22.0,Male,East,,Will come again
CUST1990,45.0,Male,nan,3.0,
CUST1991,29.0,Female,East,2.0,
CUST1992,37.0,Male,North,1.0,
CUST1993,27.0,Female,North,2.0,
CUST1994,44.0,Male,South,5.0,Great service!
CUST1995,36.0,Male,North,4.0,
CUST1996,32.0,Female,North,3.0,Will come again
CUST1997,63.0,Male,East,2.0,Not satisfied
CUST1998,50.0,Male,?,1.0,Average
CUST1999,,Male,East,4.0,
CUST2000,47.0,Male,North,2.0,
CUST2001,40.0,Male,North,4.0,
CUST2002,62.0,Female,East,5.0,Not satisfied
CUST2003,23.0,nan,East,,
CUST2004,67.0,Male,South,3.0,
CUST2005,47.0,Male,Unknown,5.0,Not satisfied
CUST2006,26.0,Male,Unknown,1.0,Will come again
CUST2007,40.0,Male,East,5.0,Average
CUST2008,26.0,Male,South,5.0,
CUST2009,38.0,Female,South,4.0,
CUST2010,61.0,Female,?,2.0,
CUST2011,54.0,Female,North,3.0,nan
CUST2012,54.0,Female,South,2.0,Average
CUST2013,67.0,Female,South,5.0,Not satisfied
CUST2014,22.0,nan,South,4.0,Not satisfied
CUST2015,36.0,Male,South,2.0,nan
CUST2016,29.0,Female,South,1.0,
CUST2017,55.0,Female,North,5.0,Great service!
CUST2018,53.0,Female,East,4.0,Average
CUST2019,69.0,Female,South,4.0,Average
CUST2020,54.0,Male,?,3.0,
CUST2021,32.0,Male,nan,2.0,
CUST2022,54.0,Male,Unknown,3.0,
CUST2023,59.0,Female,Unknown,3.0,
CUST2024,32.0,Male,East,1.0,Average
CUST2025,47.0,Unknown,nan,2.0,Great service!
CUST2026,53.0,Female,South,2.0,
CUST2027,46.0,Male,South,2.0,nan
CUST2028,48.0,Male,South,5.0,
CUST2029,33.0,Female,North,3.0,
CUST2030,26.0,Male,East,5.0,
CUST2031,55.0,nan,North,2.0,Average
CUST2032,,Female,Unknown,4.0,Great service!
CUST2033,51.0,Male,East,3.0,
CUST2034,46.0,Female,?,3.0,
CUST2035,51.0,Female,South,4.0,
CUST2036,41.0,Female,South,1.0,
CUST2037,56.0,Male,South,5.0,nan
CUST2038,61.0,Female,South,4.0,Average
CUST2039,38.0,Male,?,2.0,
CUST2040,27.0,Male,South,2.0,
CUST2041,,Female,North,2.0,
CUST2042,39.0,Male,North,5.0,nan
CUST2043,36.0,Female,Unknown,4.0,
CUST2044,,Male,East,5.0,
CUST2045,65.0,Female,North,2.0,nan
CUST2046,45.0,Female,South,5.0,
CUST2047,59.0,Female,North,4.0,
CUST2048,66.0,nan,North,3.0,
CUST2049,69.0,Unknown,nan,3.0,Not satisfied
CUST2050,47.0,Unknown,Unknown,3.0,
CUST2051,55.0,Female,North,5.0,
CUST2052,28.0,Female,South,3.0,
CUST2053,29.0,Female,South,3.0,
CUST2054,31.0,Male,South,5.0,Not satisfied
CUST2055,29.0,Male,South,-1.0,
CUST2056,52.0,Female,North,1.0,Average
CUST2057,48.0,Male,North,2.0,
CUST2058,65.0,Male,?,2.0,
CUST2059,52.0,Female,South,4.0,Average
CUST2060,40.0,Male,South,2.0,nan
CUST2061,25.0,Female,North,1.0,
CUST2062,20.0,Unknown,South,3.0,Great service!
CUST2063,33.0,Female,North,2.0,Not satisfied
CUST2064,,Male,South,3.0,Will come again
CUST2065,58.0,Female,North,1.0,
CUST2066,56.0,Male,South,4.0,Average
CUST2067,64.0,Male,South,1.0,Average
CUST2068,47.0,Female,East,3.0,nan
CUST2069,44.0,Female,?,-1.0,
CUST2070,27.0,Female,East,2.0,
CUST2071,42.0,Female,South,3.0,Great service!
CUST2072,30.0,Female,North,-1.0,Not satisfied
CUST2073,66.0,Male,Unknown,3.0,
CUST2074,45.0,Female,South,,
CUST2075,30.0,Female,North,3.0,
CUST2076,48.0,Male,North,2.0,
CUST2077,62.0,Female,Unknown,1.0,
CUST2078,31.0,Female,Unknown,2.0,
CUST2079,59.0,Male,East,2.0,
CUST2080,26.0,Female,South,5.0,
CUST2081,69.0,Male,East,-1.0,
CUST2082,30.0,Female,North,1.0,nan
CUST2083,59.0,Male,Unknown,2.0,Average
CUST2084,22.0,Female,?,4.0,
CUST2085,32.0,Female,Unknown,2.0,Great service!
CUST2086,53.0,Female,North,1.0,
CUST2087,38.0,Female,North,,
CUST2088,49.0,Male,?,4.0,nan
CUST2089,56.0,Unknown,nan,3.0,
CUST2090,63.0,Unknown,North,4.0,Not satisfied
CUST2091,28.0,Female,South,3.0,
CUST2092,20.0,Female,Unknown,4.0,
CUST2093,19.0,Female,South,1.0,Average
CUST2094,52.0,Male,South,3.0,Will come again
CUST2095,66.0,Female,North,3.0,
CUST2096,,Female,Unknown,-1.0,Great service!
CUST2097,47.0,nan,North,4.0,
CUST2098,43.0,Male,South,1.0,nan
CUST2099,32.0,Male,South,3.0,Not satisfied
CUST2100,44.0,Male,East,3.0,
CUST2101,43.0,Female,Unknown,1.0,Will come again
CUST2102,53.0,Female,South,2.0,Not satisfied
CUST2103,58.0,Female,South,5.0,Great service!
CUST2104,37.0,Male,nan,5.0,
CUST2105,57.0,Female,East,5.0,Average
CUST2106,22.0,Male,nan,2.0,Great service!
CUST2107,35.0,Female,South,2.0,
CUST2108,34.0,Female,East,1.0,
CUST2109,30.0,Female,East,4.0,nan
CUST2110,58.0,Male,North,2.0,Average
CUST2111,28.0,Female,South,,Great service!
CUST2112,43.0,Female,?,4.0,
CUST2113,,Female,East,5.0,
CUST2114,22.0,Male,East,5.0,
CUST2115,38.0,Female,East,3.0,Not satisfied
CUST2116,60.0,Male,East,1.0,
CUST2117,51.0,Female,North,4.0,Will come again
CUST2118,30.0,Male,South,3.0,
CUST2119,20.0,Male,North,4.0,
CUST2120,69.0,Unknown,South,2.0,
CUST2121,36.0,Female,East,1.0,
CUST2122,34.0,Female,South,1.0,Will come again
CUST2123,57.0,Male,North,2.0,
CUST2124,65.0,Female,South,3.0,Average
CUST2125,45.0,Male,North,1.0,Not satisfied
CUST2126,40.0,Male,?,,Average
CUST2127,22.0,Male,North,3.0,
CUST2128,32.0,Female,South,3.0,Average
CUST2129,34.0,Unknown,Unknown,,
CUST2130,34.0,Female,North,4.0,nan
CUST2131,59.0,Male,North,4.0,
CUST2132,62.0,Male,North,5.0,
CUST2133,62.0,Unknown,South,2.0,Average
CUST2134,58.0,Male,North,1.0,nan
CUST2135,39.0,Female,South,3.0,
CUST2136,59.0,Female,nan,4.0,Will come again
CUST2137,57.0,Male,nan,2.0,Average
CUST2138,25.0,Female,South,3.0,Not satisfied
CUST2139,66.0,Male,South,4.0,
CUST2140,45.0,Female,East,-1.0,
CUST2141,46.0,Male,East,1.0,Great service!
CUST2142,62.0,Male,East,1.0,
CUST2143,21.0,Male,South,4.0,
CUST2144,31.0,Male,Unknown,3.0,
CUST2145,36.0,Male,East,2.0,Great service!
CUST2146,35.0,Female,North,-1.0,Not satisfied
CUST2147,29.0,Male,South,1.0,
CUST2148,42.0,Female,North,,nan
CUST2149,21.0,Male,North,,
CUST2150,59.0,Female,Unknown,1.0,
CUST2151,44.0,Female,East,3.0,
CUST2152,48.0,Female,South,3.0,Will come again
CUST2153,66.0,Female,East,2.0,
CUST2154,22.0,Female,?,4.0,nan
CUST2155,38.0,Female,North,1.0,Will come again
CUST2156,64.0,Male,North,5.0,nan
CUST2157,33.0,Female,South,-1.0,nan
CUST2158,22.0,Male,South,3.0,Not satisfied
CUST2159,68.0,Male,Unknown,4.0,Average
CUST2160,57.0,Unknown,North,3.0,
CUST2161,64.0,Male,South,5.0,nan
CUST2162,41.0,Female,South,2.0,Not satisfied
CUST2163,34.0,Male,East,3.0,Not satisfied
CUST2164,25.0,Male,?,1.0,
CUST2165,19.0,Female,East,,
CUST2166,37.0,Female,South,2.0,
CUST2167,51.0,Male,nan,3.0,
CUST2168,24.0,Male,South,5.0,Great service!
CUST2169,46.0,Male,East,2.0,
CUST2170,59.0,Male,North,4.0,
CUST2171,68.0,Male,North,3.0,
CUST2172,23.0,Male,East,3.0,Average
CUST2173,54.0,Unknown,Unknown,5.0,Will come again
CUST2174,32.0,Female,East,1.0,nan
CUST2175,22.0,Male,South,3.0,
CUST2176,19.0,Female,East,2.0,
CUST2177,60.0,Female,South,3.0,Will come again
CUST2178,63.0,Male,North,3.0,Average
CUST2179,61.0,Male,nan,-1.0,
CUST2180,39.0,Female,North,4.0,nan
CUST2181,,Male,North,3.0,
CUST2182,,Female,nan,4.0,
CUST2183,21.0,Male,South,3.0,Average
CUST2184,64.0,Male,North,1.0,Not satisfied
CUST2185,43.0,Female,North,2.0,
CUST2186,41.0,Male,East,,Will come again
CUST2187,41.0,Unknown,South,1.0,Will come again
CUST2188,32.0,Female,East,3.0,Average
CUST2189,31.0,Female,East,2.0,
CUST2190,42.0,Unknown,East,3.0,Will come again
CUST2191,31.0,Female,South,1.0,
CUST2192,39.0,Male,South,4.0,
CUST2193,60.0,Female,East,2.0,Not satisfied
CUST2194,29.0,Male,East,2.0,
CUST2195,31.0,Male,East,4.0,
CUST2196,46.0,Female,South,1.0,
CUST2197,55.0,Male,South,2.0,Not satisfied
CUST2198,18.0,Female,South,2.0,Average
CUST2199,54.0,Female,nan,2.0,Will come again
CUST2200,60.0,Male,North,4.0,Average
CUST2201,,Female,North,1.0,Not satisfied
CUST2202,31.0,Female,South,3.0,Will come again
CUST2203,51.0,Female,North,4.0,
CUST2204,38.0,Female,South,-1.0,
CUST2205,46.0,Female,East,4.0,
CUST2206,60.0,Male,South,3.0,Will come again
CUST2207,37.0,Female,North,4.0,nan
CUST2208,38.0,nan,South,,
CUST2209,54.0,Female,?,5.0,Not satisfied
CUST2210,47.0,nan,South,4.0,Will come again
CUST2211,55.0,nan,nan,,Average
CUST2212,38.0,Male,North,5.0,Not satisfied
CUST2213,48.0,Male,South,1.0,
CUST2214,62.0,Female,East,3.0,
CUST2215,54.0,Male,North,4.0,
CUST2216,63.0,Female,East,4.0,
CUST2217,46.0,Male,North,3.0,
CUST2218,68.0,Female,North,2.0,nan
CUST2219,67.0,Male,East,4.0,
CUST2220,53.0,Male,East,2.0,
CUST2221,43.0,Female,North,1.0,
CUST2222,,Male,nan,4.0,Average
CUST2223,,Male,South,4.0,Will come again
CUST2224,,Male,South,2.0,Great service!
CUST2225,56.0,Unknown,North,,nan
CUST2226,29.0,Male,East,4.0,
CUST2227,56.0,Male,North,4.0,Not satisfied
CUST2228,61.0,Male,South,-1.0,
CUST2229,28.0,Female,East,3.0,Great service!
CUST2230,45.0,Male,East,1.0,nan
CUST2231,66.0,Female,South,3.0,Will come again
CUST2232,42.0,Female,North,2.0,Not satisfied
CUST2233,42.0,Female,South,4.0,
CUST2234,55.0,Female,South,1.0,
CUST2235,42.0,Female,North,1.0,Great service!
CUST2236,39.0,Male,South,1.0,
CUST2237,21.0,Female,North,3.0,Great service!
CUST2238,19.0,nan,East,2.0,Not satisfied
CUST2239,69.0,Male,South,1.0,
CUST2240,27.0,Male,North,3.0,Will come again
CUST2241,42.0,Female,South,3.0,
CUST2242,50.0,Male,North,4.0,Will come again
CUST2243,68.0,Female,nan,3.0,Will come again
CUST2244,61.0,Male,South,3.0,Not satisfied
CUST2245,,Female,South,2.0,
CUST2246,24.0,Female,South,5.0,
CUST2247,68.0,nan,South,5.0,Great service!
CUST2248,58.0,Female,South,3.0,Average
CUST2249,36.0,Female,North,5.0,Average
CUST2250,36.0,Female,North,4.0,
CUST2251,58.0,Male,North,1.0,
CUST2252,50.0,Female,North,1.0,
CUST2253,60.0,Female,Unknown,3.0,Will come again
CUST2254,32.0,Male,East,1.0,Not satisfied
CUST2255,26.0,Male,North,1.0,
CUST2256,30.0,Female,East,4.0,
CUST2257,69.0,Male,South,3.0,Great service!
CUST2258,47.0,Male,South,4.0,
CUST2259,38.0,Male,East,4.0,
CUST2260,43.0,Female,South,4.0,
CUST2261,,Female,East,4.0,nan
CUST2262,55.0,Female,North,4.0,
CUST2263,18.0,Female,North,4.0,
CUST2264,53.0,Female,Unknown,4.0,
CUST2265,65.0,Unknown,East,-1.0,Not satisfied
CUST2266,36.0,Female,South,2.0,nan
CUST2267,52.0,Female,North,1.0,
CUST2268,44.0,Female,South,3.0,Not satisfied
CUST2269,39.0,Female,North,1.0,
CUST2270,51.0,Female,nan,3.0,Will come again
CUST2271,67.0,Female,Unknown,4.0,nan
CUST2272,34.0,Male,?,3.0,Great service!
CUST2273,50.0,Male,South,5.0,Not satisfied
CUST2274,28.0,Male,East,1.0,
CUST2275,59.0,Male,East,4.0,nan
CUST2276,67.0,Female,South,,Great service!
CUST2277,59.0,Female,South,4.0,
CUST2278,64.0,Male,East,3.0,Average
CUST2279,31.0,Male,East,3.0,Not satisfied
CUST2280,68.0,nan,East,3.0,Will come again
CUST2281,55.0,Male,East,3.0,
CUST2282,55.0,Female,Unknown,5.0,
CUST2283,68.0,nan,North,5.0,Will come again
CUST2284,20.0,nan,South,-1.0,Not satisfied
CUST2285,44.0,Male,South,-1.0,nan
CUST2286,,Female,North,3.0,nan
CUST2287,42.0,Male,North,3.0,
CUST2288,47.0,Female,North,2.0,Average
CUST2289,49.0,Male,South,2.0,Not satisfied
CUST2290,65.0,Male,East,3.0,
CUST2291,29.0,Male,North,4.0,
CUST2292,48.0,Female,North,2.0,
CUST2293,33.0,Female,nan,1.0,
CUST2294,49.0,Female,North,4.0,Will come again
CUST2295,38.0,Male,East,1.0,Will come again
CUST2296,22.0,Female,North,3.0,
CUST2297,36.0,Female,South,1.0,
CUST2298,28.0,Male,North,1.0,
CUST2299,38.0,Male,South,1.0,Average
CUST2300,27.0,nan,North,4.0,Will come again
CUST2301,64.0,Male,South,2.0,
CUST2302,46.0,Male,North,2.0,Will come again
CUST2303,25.0,Male,?,1.0,
CUST2304,63.0,Male,South,3.0,Will come again
CUST2305,68.0,Female,South,5.0,
CUST2306,49.0,Female,South,3.0,
CUST2307,62.0,Female,North,3.0,
CUST2308,25.0,Male,East,2.0,
CUST2309,69.0,Male,North,3.0,
CUST2310,65.0,Male,South,4.0,Average
CUST2311,61.0,Male,South,2.0,Will come again
CUST2312,21.0,Male,South,2.0,Not satisfied
CUST2313,25.0,Female,East,4.0,Will come again
CUST2314,67.0,Male,East,3.0,Average
CUST2315,64.0,Female,nan,-1.0,
CUST2316,29.0,Male,South,,nan
CUST2317,57.0,Female,Unknown,5.0,Average
CUST2318,38.0,Male,East,4.0,
CUST2319,54.0,Male,South,3.0,Average
CUST2320,66.0,Male,East,2.0,
CUST2321,45.0,Female,South,4.0,
CUST2322,43.0,Female,East,1.0,
CUST2323,36.0,Male,East,4.0,Not satisfied
CUST2324,21.0,Female,?,4.0,
CUST2325,30.0,Female,?,3.0,Not satisfied
CUST2326,,Female,?,1.0,Great service!
CUST2327,50.0,Female,South,4.0,Average
CUST2328,31.0,Female,North,3.0,
CUST2329,19.0,nan,East,3.0,
CUST2330,20.0,Male,East,4.0,Great service!
CUST2331,57.0,Female,Unknown,4.0,
CUST2332,30.0,Male,North,2.0,Great service!
CUST2333,30.0,Female,North,4.0,Will come again
CUST2334,56.0,Male,East,,Great service!
CUST2335,36.0,Female,East,4.0,
CUST2336,55.0,Male,East,,
CUST2337,65.0,Female,North,2.0,nan
CUST2338,45.0,Male,North,4.0,
CUST2339,36.0,Male,South,-1.0,
CUST2340,50.0,Female,East,2.0,
CUST2341,58.0,Male,East,5.0,
CUST2342,29.0,Female,nan,3.0,Not satisfied
CUST2343,60.0,Female,North,3.0,Average
CUST2344,46.0,Female,South,5.0,Average
CUST2345,61.0,Male,North,5.0,Average
CUST2346,33.0,Female,South,2.0,nan
CUST2347,41.0,Male,North,2.0,
CUST2348,58.0,Female,East,3.0,nan
CUST2349,26.0,Male,Unknown,3.0,Not satisfied
CUST2350,66.0,Male,South,3.0,
CUST2351,28.0,Female,East,3.0,
CUST2352,64.0,Male,South,3.0,
CUST2353,23.0,Male,North,3.0,Great service!
CUST2354,22.0,nan,North,5.0,
CUST2355,32.0,Male,South,1.0,nan
CUST2356,28.0,Male,East,5.0,Will come again
CUST2357,49.0,Male,nan,-1.0,
CUST2358,19.0,Female,North,3.0,
CUST2359,25.0,Male,?,-1.0,
CUST2360,,Male,East,3.0,
CUST2361,39.0,Male,East,-1.0,nan
CUST2362,18.0,Female,North,3.0,Will come again
CUST2363,59.0,nan,East,2.0,nan
CUST2364,26.0,Male,North,5.0,
CUST2365,50.0,Female,East,3.0,nan
CUST2366,48.0,Male,North,2.0,Not satisfied
CUST2367,40.0,Male,?,2.0,
CUST2368,22.0,Male,South,1.0,
CUST2369,33.0,Male,North,2.0,Great service!
CUST2370,61.0,Unknown,South,3.0,Average
CUST2371,28.0,Male,South,4.0,nan
CUST2372,,Male,North,3.0,
CUST2373,35.0,Female,East,-1.0,
CUST2374,58.0,Male,East,1.0,
CUST2375,60.0,Male,North,4.0,
CUST2376,20.0,Male,?,3.0,Average
CUST2377,50.0,Female,East,4.0,
CUST2378,24.0,Male,?,2.0,
CUST2379,24.0,Female,East,2.0,Average
CUST2380,69.0,Male,nan,1.0,Not satisfied
CUST2381,51.0,Female,?,3.0,
CUST2382,38.0,Female,South,4.0,
CUST2383,51.0,Male,North,-1.0,Not satisfied
CUST2384,61.0,Female,nan,4.0,
CUST2385,59.0,Male,East,5.0,Not satisfied
CUST2386,58.0,Male,East,3.0,Great service!
CUST2387,64.0,Male,Unknown,5.0,
CUST2388,21.0,Male,North,3.0,
CUST2389,27.0,Female,South,,Great service!
CUST2390,57.0,Male,North,5.0,
CUST2391,48.0,Female,North,3.0,
CUST2392,49.0,Male,East,3.0,
CUST2393,35.0,Male,East,2.0,Average
CUST2394,59.0,Female,South,3.0,
CUST2395,44.0,nan,South,1.0,
CUST2396,51.0,Male,South,2.0,Will come again
CUST2397,27.0,nan,North,1.0,Average
CUST2398,60.0,nan,North,3.0,Great service!
CUST2399,34.0,Male,?,2.0,
CUST2400,31.0,Female,South,4.0,
CUST2401,67.0,Female,North,3.0,
CUST2402,31.0,Male,South,,Not satisfied
CUST2403,41.0,Male,South,3.0,Great service!
CUST2404,33.0,Male,East,,
CUST2405,43.0,Unknown,South,5.0,
CUST2406,18.0,Male,East,4.0,Great service!
CUST2407,,Female,North,3.0,Average
CUST2408,57.0,Male,East,3.0,Will come again
CUST2409,58.0,Female,South,3.0,
CUST2410,46.0,Male,East,4.0,
CUST2411,62.0,Unknown,North,3.0,
CUST2412,52.0,Unknown,North,3.0,Not satisfied
CUST2413,48.0,nan,East,3.0,Not satisfied
CUST2414,46.0,Female,South,3.0,
CUST2415,46.0,nan,East,1.0,Not satisfied
CUST2416,20.0,Female,East,4.0,Not satisfied
CUST2417,51.0,Female,East,3.0,Great service!
CUST2418,68.0,Male,North,4.0,nan
CUST2419,23.0,Male,South,5.0,
CUST2420,38.0,Female,South,4.0,nan
CUST2421,35.0,Male,East,1.0,Will come again
CUST2422,66.0,Male,East,2.0,nan
CUST2423,36.0,Female,North,1.0,Average
CUST2424,61.0,Male,East,4.0,Average
CUST2425,65.0,Female,South,3.0,Will come again
CUST2426,,Male,North,3.0,
CUST2427,64.0,Male,South,-1.0,
CUST2428,47.0,Male,nan,2.0,Average
CUST2429,25.0,Male,East,5.0,nan
CUST2430,59.0,Male,Unknown,1.0,nan
CUST2431,18.0,Male,?,-1.0,Not satisfied
CUST2432,64.0,Female,North,2.0,nan
CUST2433,,Male,North,2.0,Not satisfied
CUST2434,26.0,Male,North,5.0,
CUST2435,62.0,Female,East,3.0,
CUST2436,,Male,South,4.0,
CUST2437,56.0,Male,South,-1.0,
CUST2438,66.0,Male,North,3.0,
CUST2439,64.0,Female,nan,1.0,
CUST2440,46.0,Female,North,2.0,
CUST2441,44.0,Male,North,2.0,Will come again
CUST2442,31.0,Female,Unknown,2.0,
CUST2443,22.0,Female,South,3.0,
CUST2444,50.0,Male,South,4.0,Will come again
CUST2445,45.0,Female,South,5.0,
CUST2446,61.0,Male,South,,Not satisfied
CUST2447,66.0,Female,East,3.0,Not satisfied
CUST2448,59.0,nan,East,2.0,Average
CUST2449,67.0,Male,South,-1.0,
CUST2450,39.0,Male,North,5.0,Average
CUST2451,57.0,Unknown,North,5.0,
CUST2452,37.0,Unknown,North,4.0,Average
CUST2453,39.0,Female,North,4.0,nan
CUST2454,33.0,Male,North,-1.0,Will come again
CUST2455,19.0,Male,East,1.0,Not satisfied
CUST2456,46.0,Female,Unknown,2.0,
CUST2457,45.0,Male,East,3.0,Great service!
CUST2458,40.0,Male,East,2.0,
CUST2459,47.0,Unknown,East,4.0,
CUST2460,30.0,Female,South,3.0,nan
CUST2461,65.0,nan,?,2.0,Will come again
CUST2462,24.0,Male,Unknown,5.0,Great service!
CUST2463,25.0,Unknown,South,2.0,Will come again
CUST2464,43.0,Male,East,3.0,Will come again
CUST2465,26.0,Female,East,3.0,nan
CUST2466,22.0,Female,North,5.0,Average
CUST2467,18.0,Female,South,5.0,
CUST2468,51.0,Female,Unknown,-1.0,nan
CUST2469,31.0,Male,North,5.0,
CUST2470,62.0,Female,North,1.0,Will come again
CUST2471,35.0,Male,North,1.0,
CUST2472,21.0,Male,South,3.0,
CUST2473,40.0,Female,South,3.0,
CUST2474,40.0,nan,Unknown,3.0,Not satisfied
CUST2475,35.0,Male,nan,-1.0,Great service!
CUST2476,50.0,Female,North,2.0,Not satisfied
CUST2477,69.0,Female,nan,4.0,Not satisfied
CUST2478,54.0,Male,East,2.0,Will come again
CUST2479,35.0,Female,South,2.0,
CUST2480,48.0,Male,North,4.0,
CUST2481,58.0,Female,East,2.0,
CUST2482,29.0,Female,North,,
CUST2483,31.0,Male,South,4.0,
CUST2484,60.0,Male,nan,5.0,
CUST2485,19.0,Male,South,2.0,
CUST2486,18.0,Male,North,2.0,
CUST2487,47.0,Male,South,5.0,
CUST2488,30.0,Female,East,5.0,Great service!
CUST2489,60.0,Female,Unknown,3.0,
CUST2490,44.0,Male,East,4.0,Will come again
CUST2491,20.0,Male,East,5.0,
CUST2492,28.0,Female,South,-1.0,
CUST2493,24.0,Female,North,3.0,Average
CUST2494,44.0,Male,South,2.0,Average
CUST2495,50.0,Female,North,4.0,Average
CUST2496,30.0,Female,North,3.0,Average
CUST2497,65.0,Female,East,3.0,
CUST2498,46.0,Female,North,3.0,nan
CUST2499,27.0,Female,South,4.0,Great service!
CUST2500,21.0,Female,North,1.0,Average
CUST2501,55.0,Female,South,2.0,
CUST2502,,Female,East,2.0,
CUST2503,42.0,Male,East,2.0,nan
CUST2504,50.0,nan,Unknown,5.0,Average
CUST2505,21.0,Female,South,3.0,Average
CUST2506,29.0,Female,East,,
CUST2507,61.0,Male,East,4.0,
CUST2508,45.0,Female,East,,
CUST2509,58.0,Male,East,5.0,
CUST2510,61.0,Female,East,3.0,Will come again
CUST2511,61.0,Female,East,2.0,Not satisfied
CUST2512,45.0,Male,South,3.0,
CUST2513,37.0,Female,North,3.0,
CUST2514,18.0,Female,South,3.0,
CUST2515,42.0,Female,South,1.0,Average
CUST2516,35.0,Male,North,3.0,Not satisfied
CUST2517,,Male,South,2.0,Will come again
CUST2518,42.0,Female,South,2.0,
CUST2519,47.0,Female,South,5.0,
CUST2520,28.0,Male,North,5.0,Will come again
CUST2521,67.0,Male,North,1.0,nan
CUST2522,40.0,Unknown,South,2.0,Not satisfied
CUST2523,48.0,Unknown,East,4.0,
CUST2524,37.0,Male,East,4.0,nan
CUST2525,28.0,Female,South,2.0,
CUST2526,56.0,Male,nan,2.0,Will come again
CUST2527,65.0,Female,South,,Average
CUST2528,41.0,Male,South,3.0,Will come again
CUST2529,61.0,Female,South,3.0,
CUST2530,50.0,Male,South,4.0,Will come again
CUST2531,60.0,Unknown,North,1.0,
CUST2532,54.0,Male,South,2.0,
CUST2533,56.0,Male,North,3.0,Average
CUST2534,26.0,Male,?,2.0,
CUST2535,45.0,Male,North,3.0,Average
CUST2536,,Female,North,1.0,nan
CUST2537,21.0,Male,?,4.0,
CUST2538,54.0,Female,North,,Average
CUST2539,39.0,Male,North,4.0,
CUST2540,39.0,Male,East,5.0,
CUST2541,40.0,Female,?,3.0,Not satisfied
CUST2542,29.0,Male,East,3.0,Great service!
CUST2543,45.0,Female,South,5.0,
CUST2544,67.0,Female,North,3.0,
CUST2545,22.0,Unknown,?,4.0,Will come again
CUST2546,35.0,Female,North,,
CUST2547,27.0,Female,?,3.0,Not satisfied
CUST2548,38.0,nan,East,3.0,
CUST2549,44.0,Female,East,5.0,
CUST2550,33.0,Female,East,4.0,
CUST2551,28.0,Female,South,-1.0,
CUST2552,55.0,Female,South,4.0,
CUST2553,35.0,Female,North,1.0,
CUST2554,,Unknown,South,2.0,Average
CUST2555,66.0,Female,North,2.0,
CUST2556,55.0,Female,South,4.0,
CUST2557,42.0,Male,South,4.0,
CUST2558,46.0,Female,South,3.0,
CUST2559,46.0,Male,East,4.0,Will come again
CUST2560,56.0,Female,Unknown,4.0,
CUST2561,26.0,Female,South,3.0,
CUST2562,63.0,Female,North,1.0,Will come again
CUST2563,44.0,Male,South,1.0,
CUST2564,58.0,Male,South,3.0,nan
CUST2565,53.0,Female,nan,2.0,Average
CUST2566,68.0,Male,North,4.0,Not satisfied
CUST2567,59.0,Female,East,,
CUST2568,40.0,Male,North,1.0,Will come again
CUST2569,27.0,Male,South,2.0,
CUST2570,30.0,Male,North,1.0,Not satisfied
CUST2571,,Male,South,4.0,
CUST2572,41.0,Female,North,2.0,Not satisfied
CUST2573,47.0,Female,South,2.0,Not satisfied
CUST2574,66.0,Male,nan,1.0,
CUST2575,47.0,Male,North,4.0,Average
CUST2576,,Male,South,5.0,
CUST2577,67.0,Female,North,5.0,
CUST2578,55.0,Male,South,1.0,
CUST2579,20.0,Male,East,2.0,Not satisfied
CUST2580,,Female,North,2.0,
CUST2581,41.0,Female,North,5.0,
CUST2582,40.0,Female,East,4.0,Not satisfied
CUST2583,38.0,Female,North,3.0,Great service!
CUST2584,33.0,Male,East,2.0,
CUST2585,26.0,Female,South,5.0,
CUST2586,45.0,Female,North,2.0,Not satisfied
CUST2587,50.0,Female,North,3.0,
CUST2588,61.0,Male,nan,1.0,
CUST2589,61.0,Male,South,5.0,Not satisfied
CUST2590,33.0,Male,South,2.0,
CUST2591,66.0,nan,East,3.0,nan
CUST2592,64.0,Female,North,4.0,
CUST2593,60.0,Unknown,North,4.0,
CUST2594,18.0,Male,South,5.0,
CUST2595,51.0,nan,East,3.0,Great service!
CUST2596,41.0,Male,North,4.0,Average
CUST2597,35.0,Female,South,3.0,nan
CUST2598,43.0,nan,North,3.0,
CUST2599,32.0,Unknown,North,-1.0,
CUST2600,51.0,Male,North,-1.0,Will come again
CUST2601,67.0,Female,East,1.0,
CUST2602,61.0,Female,nan,4.0,Great service!
CUST2603,27.0,Female,North,2.0,
CUST2604,46.0,Female,South,3.0,
CUST2605,54.0,Female,North,2.0,Not satisfied
CUST2606,19.0,Male,North,1.0,Not satisfied
CUST2607,50.0,Male,East,2.0,nan
CUST2608,68.0,nan,North,2.0,Will come again
CUST2609,18.0,Male,East,2.0,
CUST2610,57.0,Female,South,3.0,Not satisfied
CUST2611,19.0,Female,East,2.0,
CUST2612,56.0,Unknown,Unknown,3.0,nan
CUST2613,51.0,Male,North,4.0,
CUST2614,49.0,Male,East,1.0,
CUST2615,48.0,Female,East,-1.0,
CUST2616,61.0,Female,North,1.0,Will come again
CUST2617,50.0,Male,Unknown,2.0,Average
CUST2618,18.0,Male,North,2.0,
CUST2619,45.0,Female,North,4.0,nan
CUST2620,44.0,Female,North,3.0,Not satisfied
CUST2621,41.0,Male,East,3.0,
CUST2622,48.0,Female,North,4.0,Will come again
CUST2623,18.0,Male,North,,Not satisfied
CUST2624,46.0,Female,East,3.0,nan
CUST2625,27.0,nan,East,-1.0,Will come again
CUST2626,38.0,Male,North,4.0,
CUST2627,39.0,Male,South,,nan
CUST2628,18.0,Female,East,5.0,
CUST2629,35.0,Female,East,4.0,Average
CUST2630,19.0,Female,South,3.0,Average
CUST2631,29.0,Female,South,3.0,
CUST2632,47.0,Male,North,4.0,Average
CUST2633,42.0,Female,North,1.0,
CUST2634,25.0,Male,South,2.0,Great service!
CUST2635,34.0,Male,North,1.0,
CUST2636,60.0,Female,Unknown,4.0,Average
CUST2637,61.0,Male,East,-1.0,
CUST2638,65.0,Female,East,,
CUST2639,34.0,Unknown,nan,2.0,
CUST2640,44.0,Male,North,2.0,
CUST2641,54.0,Male,North,4.0,
CUST2642,52.0,Female,South,5.0,
CUST2643,55.0,Male,East,2.0,
CUST2644,66.0,Female,North,2.0,
CUST2645,50.0,Male,South,2.0,
CUST2646,24.0,Male,South,1.0,Not satisfied
CUST2647,45.0,Male,East,4.0,Great service!
CUST2648,50.0,Male,South,3.0,
CUST2649,67.0,Male,North,3.0,Will come again
CUST2650,,Female,East,4.0,Will come again
CUST2651,20.0,Male,North,3.0,Not satisfied
CUST2652,50.0,Male,South,4.0,
CUST2653,51.0,Male,East,2.0,
CUST2654,59.0,Female,East,3.0,
CUST2655,20.0,Female,North,3.0,Average
CUST2656,27.0,Male,North,3.0,Average
CUST2657,67.0,Male,nan,,Not satisfied
CUST2658,,Female,East,1.0,Average
CUST2659,21.0,Male,East,-1.0,Average
CUST2660,42.0,Male,North,1.0,
CUST2661,23.0,Female,North,2.0,Will come again
CUST2662,38.0,Female,North,3.0,Will come again
CUST2663,69.0,Female,North,4.0,Great service!
CUST2664,19.0,Male,South,2.0,Great service!
CUST2665,65.0,Male,South,2.0,
CUST2666,65.0,Female,East,5.0,
CUST2667,62.0,Female,South,3.0,
CUST2668,66.0,Female,North,4.0,Average
CUST2669,36.0,Female,Unknown,3.0,
CUST2670,62.0,Male,Unknown,4.0,
CUST2671,35.0,Female,South,4.0,
CUST2672,27.0,Unknown,nan,4.0,Not satisfied
CUST2673,50.0,Male,North,2.0,
CUST2674,20.0,Unknown,East,4.0,
CUST2675,32.0,Female,nan,5.0,
CUST2676,24.0,Female,North,3.0,
CUST2677,65.0,Female,South,-1.0,
CUST2678,36.0,Male,South,2.0,Average
CUST2679,28.0,Male,North,2.0,Not satisfied
CUST2680,52.0,Female,East,4.0,
CUST2681,39.0,Female,South,3.0,
CUST2682,18.0,Female,North,3.0,Great service!
CUST2683,67.0,Female,Unknown,4.0,Great service!
CUST2684,63.0,Male,North,3.0,
CUST2685,44.0,Female,South,3.0,
CUST2686,29.0,Female,North,3.0,
CUST2687,40.0,Female,North,5.0,Great service!
CUST2688,59.0,Female,North,2.0,
CUST2689,34.0,Female,Unknown,3.0,
CUST2690,33.0,Male,North,2.0,
CUST2691,39.0,Male,Unknown,1.0,
CUST2692,19.0,nan,South,2.0,
CUST2693,22.0,Female,South,2.0,Great service!
CUST2694,65.0,Male,South,4.0,nan
CUST2695,62.0,Male,South,2.0,Will come again
CUST2696,24.0,Female,East,3.0,Not satisfied
CUST2697,43.0,Male,South,,Not satisfied
CUST2698,68.0,nan,East,4.0,nan
CUST2699,32.0,Female,North,3.0,
CUST2700,44.0,Male,nan,-1.0,
CUST2701,68.0,Female,North,2.0,
CUST2702,24.0,Female,South,3.0,
CUST2703,53.0,Female,North,1.0,Will come again
CUST2704,44.0,Female,South,4.0,Great service!
CUST2705,58.0,Male,East,2.0,Great service!
CUST2706,36.0,Female,nan,,
CUST2707,69.0,Female,nan,3.0,
CUST2708,23.0,Female,South,2.0,
CUST2709,57.0,Unknown,North,1.0,Average
CUST2710,66.0,Female,North,,
CUST2711,49.0,Male,North,3.0,nan
CUST2712,44.0,nan,Unknown,3.0,
CUST2713,62.0,Male,East,3.0,Great service!
CUST2714,32.0,Female,South,4.0,nan
CUST2715,47.0,Male,South,3.0,
CUST2716,57.0,Male,South,3.0,
CUST2717,55.0,Female,South,1.0,
CUST2718,59.0,Female,South,3.0,Average
CUST2719,36.0,Female,North,5.0,nan
CUST2720,34.0,Male,South,2.0,Average
CUST2721,59.0,Female,East,4.0,
CUST2722,34.0,Female,?,3.0,nan
CUST2723,38.0,Female,South,5.0,Will come again
CUST2724,27.0,Female,East,4.0,
CUST2725,47.0,Female,East,3.0,nan
CUST2726,60.0,Male,South,3.0,nan
CUST2727,62.0,Female,Unknown,5.0,nan
CUST2728,31.0,Female,Unknown,2.0,Average
CUST2729,53.0,Male,East,2.0,nan
CUST2730,,Unknown,East,2.0,
CUST2731,54.0,nan,South,1.0,Average
CUST2732,64.0,Male,Unknown,,Great service!
CUST2733,61.0,Male,South,2.0,
CUST2734,59.0,Male,East,3.0,
CUST2735,45.0,Female,East,2.0,
CUST2736,53.0,Female,East,5.0,Great service!
CUST2737,19.0,Male,North,3.0,
CUST2738,35.0,Female,South,4.0,
CUST2739,26.0,Unknown,North,5.0,
CUST2740,46.0,Female,South,3.0,Average
CUST2741,31.0,Female,South,,Will come again
CUST2742,27.0,Female,Unknown,5.0,Average
CUST2743,44.0,Female,South,2.0,
CUST2744,24.0,Male,South,3.0,Not satisfied
CUST2745,65.0,Male,North,2.0,
CUST2746,62.0,Male,South,-1.0,Great service!
CUST2747,66.0,Female,South,3.0,
CUST2748,51.0,Female,East,3.0,
CUST2749,22.0,Female,North,2.0,Will come again
CUST2750,52.0,Male,East,2.0,
CUST2751,49.0,Female,East,3.0,
CUST2752,57.0,Male,Unknown,4.0,
CUST2753,57.0,Female,North,3.0,
CUST2754,25.0,nan,?,1.0,Great service!
CUST2755,28.0,Female,North,4.0,nan
CUST2756,66.0,Female,East,1.0,Great service!
CUST2757,37.0,Male,North,5.0,Great service!
CUST2758,32.0,Female,East,,Average
CUST2759,27.0,Male,North,5.0,Not satisfied
CUST2760,36.0,Male,South,3.0,Will come again
CUST2761,22.0,Female,South,4.0,
CUST2762,52.0,Female,East,,nan
CUST2763,42.0,Male,East,5.0,nan
CUST2764,41.0,nan,South,3.0,
CUST2765,60.0,Male,North,1.0,Not satisfied
CUST2766,29.0,Female,East,4.0,Great service!
CUST2767,52.0,Female,North,,Not satisfied
CUST2768,38.0,Female,East,2.0,Average
CUST2769,44.0,Male,East,3.0,Average
CUST2770,42.0,nan,North,1.0,
CUST2771,48.0,Male,South,5.0,
CUST2772,68.0,nan,East,2.0,
CUST2773,51.0,Female,East,1.0,Not satisfied
CUST2774,29.0,Female,South,2.0,
CUST2775,46.0,Female,South,4.0,Average
CUST2776,56.0,Female,South,3.0,Will come again
CUST2777,68.0,Female,East,2.0,
CUST2778,35.0,Male,East,4.0,
CUST2779,52.0,Male,South,-1.0,
CUST2780,58.0,Female,East,-1.0,
CUST2781,54.0,Male,North,3.0,
CUST2782,30.0,Female,North,2.0,
CUST2783,55.0,Female,North,3.0,Great service!
CUST2784,37.0,Female,East,1.0,
CUST2785,32.0,Female,North,3.0,Great service!
CUST2786,39.0,Female,North,2.0,Average
CUST2787,47.0,Male,South,1.0,
CUST2788,42.0,Male,South,2.0,
CUST2789,52.0,Male,East,1.0,
CUST2790,32.0,Female,North,3.0,
CUST2791,,Female,South,3.0,
CUST2792,27.0,Female,North,3.0,Average
CUST2793,30.0,Female,North,4.0,Great service!
CUST2794,39.0,Female,North,4.0,Great service!
CUST2795,69.0,Female,South,4.0,
CUST2796,55.0,Male,South,1.0,
CUST2797,26.0,Female,East,1.0,
CUST2798,56.0,Female,North,3.0,nan
CUST2799,36.0,Female,East,4.0,Will come again
CUST2800,22.0,Female,South,3.0,
CUST2801,35.0,Female,North,4.0,Not satisfied
CUST2802,20.0,Male,East,5.0,
CUST2803,21.0,Female,North,-1.0,nan
CUST2804,33.0,Female,East,4.0,
CUST2805,62.0,Male,East,3.0,
CUST2806,22.0,Male,nan,2.0,
CUST2807,22.0,Female,North,4.0,nan
CUST2808,21.0,nan,North,3.0,nan
CUST2809,21.0,Male,North,2.0,Will come again
CUST2810,37.0,Female,East,3.0,
CUST2811,21.0,Female,North,3.0,
CUST2812,21.0,Male,?,1.0,Will come again
CUST2813,21.0,Male,Unknown,2.0,Great service!
CUST2814,24.0,Male,North,2.0,
CUST2815,60.0,Unknown,East,3.0,
CUST2816,56.0,Female,North,4.0,Great service!
CUST2817,30.0,Male,East,3.0,
CUST2818,32.0,Male,North,3.0,
CUST2819,27.0,Female,North,2.0,Will come again
CUST2820,59.0,Female,East,3.0,
CUST2821,34.0,Female,nan,1.0,
CUST2822,53.0,Female,North,2.0,
CUST2823,42.0,Female,nan,4.0,
CUST2824,27.0,Female,nan,-1.0,Not satisfied
CUST2825,65.0,Female,South,2.0,Not satisfied
CUST2826,55.0,Male,East,2.0,
CUST2827,44.0,Female,South,1.0,
CUST2828,18.0,Male,South,1.0,
CUST2829,32.0,Female,South,1.0,Great service!
CUST2830,25.0,nan,North,3.0,Great service!
CUST2831,22.0,Female,East,4.0,
CUST2832,34.0,Unknown,North,,Will come again
CUST2833,60.0,Female,South,4.0,
CUST2834,28.0,Male,East,4.0,Great service!
CUST2835,21.0,Female,North,3.0,
CUST2836,63.0,Female,nan,-1.0,
CUST2837,18.0,Female,North,3.0,
CUST2838,26.0,Male,North,5.0,Average
CUST2839,68.0,Female,North,2.0,
CUST2840,27.0,Male,North,3.0,
CUST2841,21.0,Male,South,4.0,Great service!
CUST2842,39.0,Female,East,,
CUST2843,30.0,Female,South,3.0,Will come again
CUST2844,35.0,Female,South,2.0,Not satisfied
CUST2845,25.0,Female,nan,1.0,
CUST2846,29.0,Female,?,2.0,Will come again
CUST2847,35.0,Male,North,1.0,Will come again
CUST2848,65.0,Female,East,-1.0,Not satisfied
CUST2849,34.0,Male,East,2.0,Not satisfied
CUST2850,48.0,Female,North,5.0,nan
CUST2851,44.0,Male,East,4.0,
CUST2852,41.0,Male,East,1.0,Not satisfied
CUST2853,36.0,Male,East,2.0,nan
CUST2854,41.0,Male,North,3.0,Average
CUST2855,46.0,Male,North,3.0,nan
CUST2856,18.0,Female,North,1.0,
CUST2857,55.0,nan,nan,3.0,
CUST2858,29.0,nan,?,4.0,Average
CUST2859,34.0,Male,South,,
CUST2860,61.0,Female,?,1.0,
CUST2861,,Female,South,1.0,Great service!
CUST2862,52.0,Unknown,North,3.0,
CUST2863,32.0,Male,South,2.0,
CUST2864,41.0,Male,East,1.0,
CUST2865,30.0,Male,South,,nan
CUST2866,32.0,Male,?,2.0,
CUST2867,58.0,Female,North,3.0,
CUST2868,18.0,Male,?,3.0,nan
CUST2869,19.0,Female,East,5.0,
CUST2870,53.0,Male,East,3.0,Average
CUST2871,58.0,Male,?,2.0,Average
CUST2872,31.0,Female,East,2.0,Not satisfied
CUST2873,39.0,Female,East,,Great service!
CUST2874,23.0,Male,South,1.0,nan
CUST2875,36.0,Male,North,3.0,Not satisfied
CUST2876,50.0,Female,North,4.0,nan
CUST2877,37.0,Female,South,2.0,
CUST2878,68.0,Male,East,2.0,
CUST2879,32.0,Male,South,5.0,
CUST2880,36.0,Female,South,,
CUST2881,43.0,Male,nan,3.0,
CUST2882,32.0,Male,South,-1.0,Not satisfied
CUST2883,19.0,Male,East,5.0,
CUST2884,69.0,nan,South,3.0,Average
CUST2885,41.0,Unknown,North,3.0,
CUST2886,23.0,Female,East,-1.0,
CUST2887,64.0,Male,East,1.0,Average
CUST2888,34.0,Male,East,2.0,
CUST2889,66.0,Female,?,1.0,Average
CUST2890,59.0,Female,Unknown,1.0,Will come again
CUST2891,53.0,Male,North,-1.0,Will come again
CUST2892,47.0,Female,North,1.0,
CUST2893,67.0,Female,South,5.0,
CUST2894,26.0,Male,South,3.0,Great service!
CUST2895,63.0,Male,South,4.0,
CUST2896,49.0,Male,South,1.0,
CUST2897,,Male,North,4.0,
CUST2898,58.0,Male,South,1.0,
CUST2899,48.0,Male,Unknown,3.0,nan
CUST2900,31.0,Male,South,5.0,nan
CUST2901,32.0,Female,Unknown,4.0,
CUST2902,53.0,Male,South,5.0,
CUST2903,27.0,Female,?,3.0,
CUST2904,65.0,Female,South,4.0,Average
CUST2905,29.0,Female,?,3.0,
CUST2906,44.0,Female,North,5.0,
CUST2907,23.0,Female,East,4.0,Will come again
CUST2908,34.0,Female,North,3.0,Great service!
CUST2909,28.0,Female,East,3.0,
CUST2910,47.0,Male,South,4.0,
CUST2911,65.0,Male,East,3.0,Will come again
CUST2912,28.0,Male,East,3.0,
CUST2913,23.0,Female,East,-1.0,
CUST2914,56.0,Female,North,3.0,
CUST2915,45.0,Male,East,3.0,Average
CUST2916,32.0,Female,South,4.0,
CUST2917,25.0,Unknown,North,4.0,
CUST2918,31.0,Male,East,4.0,Not satisfied
CUST2919,18.0,Male,East,1.0,
CUST2920,34.0,Male,nan,2.0,Average
CUST2921,50.0,Female,North,-1.0,
CUST2922,43.0,Female,South,3.0,
CUST2923,25.0,Unknown,North,3.0,Will come again
CUST2924,32.0,Female,North,3.0,
CUST2925,58.0,Male,North,3.0,Will come again
CUST2926,46.0,Female,nan,1.0,
CUST2927,35.0,Male,East,1.0,Average
CUST2928,41.0,Female,South,2.0,Will come again
CUST2929,48.0,Male,nan,1.0,
CUST2930,22.0,nan,East,5.0,
CUST2931,43.0,Male,South,,Will come again
CUST2932,43.0,Male,South,2.0,
CUST2933,33.0,Male,East,1.0,
CUST2934,22.0,Female,East,4.0,
CUST2935,63.0,Female,North,3.0,Not satisfied
CUST2936,42.0,Male,North,-1.0,Will come again
CUST2937,42.0,Male,North,-1.0,Average
CUST2938,69.0,Female,North,1.0,
CUST2939,54.0,Male,nan,2.0,
CUST2940,24.0,Male,nan,,Will come again
CUST2941,68.0,Female,South,3.0,
CUST2942,62.0,Female,North,3.0,
CUST2943,53.0,Male,East,2.0,
CUST2944,42.0,Male,North,2.0,
CUST2945,46.0,Female,South,3.0,
CUST2946,56.0,Male,East,4.0,
CUST2947,47.0,Female,South,3.0,nan
CUST2948,,Male,East,2.0,
CUST2949,37.0,Male,North,1.0,nan
CUST2950,44.0,Male,South,1.0,
CUST2951,35.0,Female,East,-1.0,
CUST2952,58.0,Male,?,3.0,nan
CUST2953,57.0,nan,East,2.0,nan
CUST2954,43.0,Male,South,1.0,
CUST2955,52.0,Male,East,2.0,
CUST2956,63.0,Female,Unknown,1.0,Average
CUST2957,46.0,Female,South,2.0,Average
CUST2958,45.0,Female,North,2.0,
CUST2959,38.0,Female,Unknown,,
CUST2960,25.0,Male,nan,1.0,
CUST2961,33.0,Male,North,3.0,nan
CUST2962,64.0,nan,East,4.0,Not satisfied
CUST2963,34.0,Male,East,1.0,
CUST2964,38.0,Male,North,1.0,
CUST2965,61.0,Female,South,5.0,nan
CUST2966,38.0,Female,Unknown,3.0,Great service!
CUST2967,43.0,Male,North,3.0,
CUST2968,51.0,Female,South,3.0,
CUST2969,26.0,Male,East,-1.0,
CUST2970,42.0,Female,North,3.0,
CUST2971,23.0,Female,East,1.0,Great service!
CUST2972,36.0,nan,North,3.0,
CUST2973,54.0,Male,East,1.0,
CUST2974,49.0,Female,North,-1.0,Great service!
CUST2975,69.0,Female,North,3.0,
CUST2976,19.0,Female,East,4.0,
CUST2977,27.0,Female,South,3.0,nan
CUST2978,64.0,Male,North,3.0,
CUST2979,60.0,Male,North,2.0,
CUST2980,55.0,Female,South,1.0,
CUST2981,67.0,nan,nan,1.0,
CUST2982,22.0,Female,North,3.0,
CUST2983,21.0,Female,North,4.0,
CUST2984,55.0,Male,North,5.0,
CUST2985,57.0,Female,?,4.0,Average
CUST2986,66.0,Unknown,South,2.0,Not satisfied
CUST2987,20.0,Female,North,3.0,
CUST2988,23.0,Female,North,5.0,
CUST2989,36.0,Female,Unknown,2.0,
CUST2990,68.0,Female,South,2.0,Not satisfied
CUST2991,40.0,Male,East,1.0,Not satisfied
CUST2992,41.0,nan,South,3.0,Not satisfied
CUST2993,62.0,Female,North,,
CUST2994,35.0,Female,North,1.0,
CUST2995,57.0,Male,East,4.0,Not satisfied
CUST2996,52.0,Male,North,3.0,Not satisfied
CUST2997,53.0,Male,East,2.0,
CUST2998,65.0,Male,Unknown,2.0,Not satisfied
CUST2999,65.0,nan,Unknown,4.0,Not satisfied
CUST3000,19.0,Female,?,3.0,
CUST3001,21.0,Female,East,-1.0,Not satisfied
CUST3002,34.0,Female,South,4.0,
CUST3003,19.0,Male,East,3.0,nan
CUST3004,26.0,Female,North,5.0,
CUST3005,44.0,Male,Unknown,1.0,
CUST3006,31.0,Female,East,4.0,
CUST3007,61.0,Female,North,2.0,
CUST3008,34.0,Female,East,4.0,Average
CUST3009,54.0,Female,South,2.0,Average
CUST3010,23.0,Male,Unknown,4.0,Average
CUST3011,56.0,Female,?,3.0,
CUST3012,36.0,Female,North,3.0,
CUST3013,20.0,Female,North,3.0,
CUST3014,58.0,Male,East,3.0,nan
CUST3015,,Male,South,4.0,Will come again
CUST3016,29.0,Male,East,3.0,
CUST3017,41.0,Male,North,3.0,
CUST3018,37.0,Female,North,4.0,
CUST3019,58.0,Female,South,2.0,
CUST3020,41.0,Female,North,-1.0,Will come again
CUST3021,30.0,Male,East,,
CUST3022,36.0,Female,North,2.0,Great service!
CUST3023,21.0,Male,East,2.0,
CUST3024,64.0,nan,South,4.0,Will come again
CUST3025,25.0,Male,North,4.0,
CUST3026,25.0,Male,North,4.0,
CUST3027,46.0,Female,Unknown,5.0,nan
CUST3028,54.0,Female,South,3.0,
CUST3029,32.0,Male,Unknown,3.0,
CUST3030,46.0,Male,South,2.0,
CUST3031,37.0,Female,East,5.0,Great service!
CUST3032,65.0,Female,North,1.0,Will come again
CUST3033,68.0,Male,East,4.0,
CUST3034,43.0,Female,East,5.0,
CUST3035,58.0,Female,?,2.0,Great service!
CUST3036,37.0,Female,South,4.0,Average
CUST3037,67.0,Female,nan,3.0,Great service!
CUST3038,53.0,Male,South,4.0,
CUST3039,69.0,Female,Unknown,-1.0,
CUST3040,68.0,Male,North,4.0,Great service!
CUST3041,67.0,Male,South,3.0,Will come again
CUST3042,,Female,?,3.0,
CUST3043,21.0,Male,East,3.0,nan
CUST3044,27.0,Male,East,3.0,Not satisfied
CUST3045,59.0,Male,Unknown,1.0,Great service!
CUST3046,50.0,Male,South,-1.0,nan
CUST3047,56.0,Female,East,5.0,Great service!
CUST3048,49.0,Male,South,3.0,
CUST3049,43.0,Female,South,3.0,
CUST3050,66.0,Male,North,1.0,Great service!
CUST3051,50.0,Male,North,5.0,Not satisfied
CUST3052,25.0,nan,North,2.0,
CUST3053,61.0,Female,North,4.0,
CUST3054,64.0,Female,North,3.0,Great service!
CUST3055,36.0,Male,North,3.0,
CUST3056,65.0,Female,nan,,nan
CUST3057,20.0,Male,East,2.0,
CUST3058,42.0,Male,North,5.0,
CUST3059,34.0,Male,East,,Not satisfied
CUST3060,57.0,Unknown,North,3.0,Great service!
CUST3061,33.0,Female,East,2.0,
CUST3062,55.0,nan,East,2.0,Not satisfied
CUST3063,50.0,Male,nan,-1.0,Will come again
CUST3064,48.0,Female,East,3.0,Great service!
CUST3065,21.0,nan,East,4.0,
CUST3066,53.0,Male,South,,
CUST3067,,Female,?,,
CUST3068,64.0,Male,South,2.0,Great service!
CUST3069,51.0,Male,East,3.0,
CUST3070,45.0,Female,North,2.0,
CUST3071,28.0,Female,East,3.0,
CUST3072,29.0,Male,South,4.0,
CUST3073,20.0,Male,Unknown,4.0,Great service!
CUST3074,68.0,Male,?,,Great service!
CUST3075,27.0,Male,South,1.0,nan
CUST3076,19.0,Unknown,South,4.0,
CUST3077,24.0,Male,North,5.0,nan
CUST3078,63.0,Male,nan,,
CUST3079,45.0,Female,Unknown,2.0,
CUST3080,52.0,Female,North,3.0,
CUST3081,30.0,Unknown,East,2.0,Great service!
CUST3082,44.0,Female,East,5.0,
CUST3083,32.0,Male,North,1.0,Will come again
CUST3084,22.0,Male,?,3.0,Average
CUST3085,37.0,Male,East,5.0,Great service!
CUST3086,42.0,Female,South,2.0,nan
CUST3087,61.0,Unknown,North,1.0,Will come again
CUST3088,53.0,Male,East,5.0,
CUST3089,27.0,Female,South,2.0,
CUST3090,,Male,South,5.0,nan
CUST3091,,Male,South,2.0,
CUST3092,30.0,Male,Unknown,2.0,
CUST3093,38.0,Female,North,1.0,nan
CUST3094,36.0,Female,South,2.0,nan
CUST3095,25.0,Female,South,-1.0,Average
CUST3096,36.0,Female,North,-1.0,Average
CUST3097,63.0,Male,South,3.0,Great service!
CUST3098,45.0,Female,East,2.0,Average
CUST3099,55.0,Male,East,2.0,Will come again
CUST3100,64.0,Male,South,2.0,Will come again
CUST3101,67.0,Male,East,2.0,nan
CUST3102,48.0,Female,South,4.0,
CUST3103,49.0,Male,?,5.0,
CUST3104,39.0,Female,South,4.0,Average
CUST3105,55.0,nan,North,1.0,Will come again
CUST3106,67.0,Female,Unknown,2.0,nan
CUST3107,22.0,Male,South,2.0,Average
CUST3108,27.0,Male,North,2.0,Great service!
CUST3109,31.0,Female,East,4.0,
CUST3110,60.0,nan,North,1.0,Will come again
CUST3111,50.0,Male,East,4.0,
CUST3112,61.0,Female,Unknown,3.0,
CUST3113,20.0,Female,?,5.0,
CUST3114,25.0,Female,South,4.0,
CUST3115,52.0,Male,Unknown,4.0,Will come again
CUST3116,60.0,Male,East,4.0,
CUST3117,66.0,Female,nan,2.0,
CUST3118,52.0,Male,nan,3.0,nan
CUST3119,40.0,Male,South,2.0,
CUST3120,38.0,Female,Unknown,2.0,
CUST3121,40.0,Male,South,1.0,Will come again
CUST3122,39.0,Unknown,South,2.0,
CUST3123,65.0,Male,South,2.0,Will come again
CUST3124,40.0,Unknown,?,4.0,Average
CUST3125,58.0,Female,nan,5.0,
CUST3126,48.0,Male,East,3.0,nan
CUST3127,20.0,Male,South,4.0,Will come again
CUST3128,33.0,Male,East,3.0,Will come again
CUST3129,69.0,Female,East,2.0,
CUST3130,18.0,Male,North,4.0,Will come again
CUST3131,67.0,nan,East,4.0,Not satisfied
CUST3132,60.0,Female,South,2.0,
CUST3133,33.0,Female,Unknown,3.0,Average
CUST3134,59.0,Female,Unknown,,Great service!
CUST3135,57.0,Male,South,3.0,
CUST3136,53.0,Female,East,4.0,Not satisfied
CUST3137,26.0,Male,North,2.0,
CUST3138,62.0,nan,South,,nan
CUST3139,53.0,Female,?,2.0,Average
CUST3140,67.0,Female,North,-1.0,Average
CUST3141,53.0,Male,East,2.0,
CUST3142,41.0,Male,?,3.0,
CUST3143,43.0,Male,nan,1.0,nan
CUST3144,48.0,Male,North,3.0,
CUST3145,64.0,Male,Unknown,,
CUST3146,22.0,Female,Unknown,4.0,Average
CUST3147,22.0,Female,North,4.0,Not satisfied
CUST3148,25.0,Male,?,,nan
CUST3149,37.0,Male,South,3.0,Not satisfied
CUST3150,,Female,South,2.0,Average
CUST3151,19.0,Female,North,3.0,
CUST3152,62.0,Male,East,1.0,
CUST3153,,Female,East,4.0,Not satisfied
CUST3154,18.0,Female,East,4.0,
CUST3155,36.0,Female,South,2.0,
CUST3156,46.0,Male,Unknown,4.0,
CUST3157,50.0,Female,Unknown,5.0,Not satisfied
CUST3158,28.0,Unknown,East,3.0,Great service!
CUST3159,68.0,Male,nan,3.0,Great service!
CUST3160,65.0,Female,South,2.0,Average
CUST3161,32.0,Female,North,4.0,Great service!
CUST3162,69.0,Male,South,-1.0,Average
CUST3163,24.0,Unknown,East,3.0,
CUST3164,42.0,Male,South,-1.0,
CUST3165,18.0,Male,South,2.0,
CUST3166,54.0,Male,South,5.0,
CUST3167,59.0,Female,North,2.0,Not satisfied
CUST3168,55.0,Male,North,3.0,
CUST3169,27.0,Female,East,2.0,Will come again
CUST3170,53.0,Female,South,3.0,Not satisfied
CUST3171,,Male,North,1.0,
CUST3172,48.0,Female,North,3.0,nan
CUST3173,58.0,Unknown,East,3.0,
CUST3174,45.0,Female,Unknown,3.0,Not satisfied
CUST3175,64.0,Female,North,2.0,
CUST3176,53.0,Female,Unknown,3.0,
CUST3177,23.0,Female,Unknown,2.0,
CUST3178,25.0,Male,East,2.0,Will come again
CUST3179,35.0,Female,?,1.0,
CUST3180,35.0,Male,North,3.0,Will come again
CUST3181,68.0,Male,South,5.0,Average
CUST3182,58.0,Female,South,1.0,
CUST3183,64.0,Male,North,3.0,Not satisfied
CUST3184,30.0,Female,North,4.0,Will come again
CUST3185,37.0,Female,Unknown,3.0,
CUST3186,30.0,Male,South,4.0,
CUST3187,31.0,Male,East,1.0,
CUST3188,39.0,Male,North,1.0,
CUST3189,41.0,Female,nan,4.0,
CUST3190,58.0,Male,North,4.0,
CUST3191,62.0,Female,North,4.0,
CUST3192,37.0,Female,East,2.0,
CUST3193,35.0,Female,South,3.0,
CUST3194,59.0,Female,South,2.0,nan
CUST3195,47.0,nan,nan,4.0,
CUST3196,35.0,Female,North,4.0,Not satisfied
CUST3197,25.0,nan,North,3.0,
CUST3198,62.0,Female,South,2.0,Great service!
CUST3199,52.0,nan,North,3.0,Average
CUST3200,67.0,Female,East,2.0,Great service!
CUST3201,40.0,Male,nan,1.0,nan
CUST3202,29.0,Male,?,2.0,Average
CUST3203,64.0,Female,East,4.0,Will come again
CUST3204,67.0,Female,South,4.0,
CUST3205,37.0,Female,South,2.0,
CUST3206,,Unknown,East,4.0,Great service!
CUST3207,53.0,Female,Unknown,3.0,Not satisfied
CUST3208,64.0,Male,nan,3.0,nan
CUST3209,31.0,Unknown,North,3.0,nan
CUST3210,46.0,Male,Unknown,1.0,
CUST3211,64.0,Male,South,4.0,nan
CUST3212,37.0,Male,North,1.0,Average
CUST3213,44.0,Female,East,4.0,
CUST3214,40.0,Female,North,1.0,
CUST3215,59.0,Male,South,4.0,Great service!
CUST3216,20.0,Male,South,1.0,Not satisfied
CUST3217,66.0,Female,South,-1.0,
CUST3218,52.0,Female,North,3.0,nan
CUST3219,33.0,Male,North,1.0,
CUST3220,69.0,Female,South,4.0,Average
CUST3221,62.0,Male,North,1.0,
CUST3222,24.0,Male,East,,Great service!
CUST3223,36.0,Male,East,4.0,
CUST3224,19.0,Female,North,2.0,Great service!
CUST3225,61.0,Male,North,4.0,Great service!
CUST3226,18.0,Male,South,2.0,
CUST3227,31.0,Male,North,3.0,
CUST3228,52.0,Female,South,1.0,Not satisfied
CUST3229,20.0,Unknown,East,4.0,Will come again
CUST3230,60.0,Male,North,5.0,
CUST3231,45.0,Female,East,5.0,Will come again
CUST3232,26.0,Male,South,2.0,Not satisfied
CUST3233,55.0,Female,?,4.0,
CUST3234,33.0,Female,North,3.0,Great service!
CUST3235,54.0,Male,?,4.0,Will come again
CUST3236,32.0,Female,Unknown,2.0,Average
CUST3237,20.0,Male,South,3.0,
CUST3238,59.0,Male,South,2.0,nan
CUST3239,21.0,nan,South,4.0,
CUST3240,38.0,Male,South,,Average
CUST3241,52.0,Female,East,4.0,nan
CUST3242,60.0,Female,North,2.0,Not satisfied
CUST3243,23.0,Male,nan,3.0,Not satisfied
CUST3244,25.0,Female,North,2.0,Great service!
CUST3245,39.0,Male,East,-1.0,Great service!
CUST3246,29.0,Female,South,2.0,
CUST3247,19.0,Female,North,4.0,Average
CUST3248,22.0,Female,South,3.0,
CUST3249,27.0,Female,South,2.0,nan
CUST3250,28.0,Male,East,1.0,
CUST3251,26.0,Male,North,4.0,
CUST3252,65.0,Male,South,,Will come again
CUST3253,65.0,Female,East,1.0,
CUST3254,39.0,Female,East,3.0,
CUST3255,29.0,Male,?,-1.0,
CUST3256,66.0,Female,North,2.0,
CUST3257,65.0,Female,South,1.0,Will come again
CUST3258,68.0,Male,Unknown,5.0,Not satisfied
CUST3259,35.0,Female,South,4.0,
CUST3260,57.0,Female,North,4.0,Not satisfied
CUST3261,44.0,Female,South,-1.0,
CUST3262,49.0,Female,North,2.0,Average
CUST3263,43.0,Unknown,North,4.0,
CUST3264,43.0,Male,North,2.0,
CUST3265,49.0,Male,North,3.0,
CUST3266,58.0,Female,South,3.0,Not satisfied
CUST3267,49.0,Female,North,3.0,
CUST3268,53.0,Male,South,2.0,Average
CUST3269,69.0,Male,East,4.0,Average
CUST3270,38.0,Female,nan,3.0,
CUST3271,62.0,Female,?,2.0,nan
CUST3272,35.0,Female,North,-1.0,
CUST3273,68.0,Female,South,2.0,
CUST3274,68.0,Male,East,,Great service!
CUST3275,53.0,Male,South,3.0,
CUST3276,35.0,Male,North,1.0,
CUST3277,23.0,Male,North,4.0,Great service!
CUST3278,25.0,Female,East,4.0,
CUST3279,18.0,Female,?,5.0,
CUST3280,40.0,Female,South,3.0,Average
CUST3281,51.0,Male,South,2.0,
CUST3282,62.0,Male,South,1.0,Great service!
CUST3283,41.0,Male,North,3.0,
CUST3284,66.0,nan,North,4.0,
CUST3285,60.0,Male,East,2.0,Not satisfied
CUST3286,64.0,Male,?,4.0,Great service!
CUST3287,30.0,nan,East,1.0,
CUST3288,34.0,Female,East,5.0,
CUST3289,66.0,Female,East,1.0,
CUST3290,28.0,Female,East,4.0,Great service!
CUST3291,57.0,Female,East,2.0,
CUST3292,33.0,Female,East,4.0,Not satisfied
CUST3293,60.0,Male,North,2.0,Great service!
CUST3294,44.0,Female,East,4.0,nan
CUST3295,26.0,Female,East,2.0,Not satisfied
CUST3296,45.0,Male,South,3.0,
CUST3297,62.0,Male,East,3.0,
CUST3298,38.0,Male,East,2.0,
CUST3299,20.0,Male,South,4.0,nan
CUST3300,20.0,nan,North,3.0,Not satisfied
CUST3301,43.0,Male,South,3.0,
CUST3302,68.0,Female,North,4.0,
CUST3303,69.0,Female,North,5.0,nan
CUST3304,57.0,Female,Unknown,3.0,
CUST3305,37.0,Male,South,4.0,Average
CUST3306,35.0,Male,North,2.0,
CUST3307,29.0,Male,?,3.0,
CUST3308,63.0,Male,North,4.0,nan
CUST3309,35.0,Male,Unknown,2.0,
CUST3310,58.0,Male,South,5.0,Average
CUST3311,61.0,Female,nan,4.0,nan
CUST3312,56.0,Male,South,2.0,Great service!
CUST3313,34.0,Male,East,5.0,
CUST3314,51.0,Male,South,3.0,
CUST3315,55.0,Unknown,North,1.0,Great service!
CUST3316,39.0,Female,East,2.0,Great service!
CUST3317,28.0,Male,East,3.0,
CUST3318,49.0,nan,South,3.0,nan
CUST3319,21.0,Male,East,4.0,Will come again
CUST3320,,Male,South,4.0,Not satisfied
CUST3321,32.0,Male,North,3.0,
CUST3322,24.0,Female,South,4.0,Not satisfied
CUST3323,33.0,Male,South,3.0,
CUST3324,51.0,Female,North,4.0,
CUST3325,34.0,Male,South,2.0,
CUST3326,,Male,South,1.0,
CUST3327,25.0,Female,East,4.0,Average
CUST3328,59.0,Female,nan,2.0,Great service!
CUST3329,24.0,Male,East,5.0,Great service!
CUST3330,46.0,Male,North,2.0,Will come again
CUST3331,24.0,Male,North,2.0,nan
CUST3332,21.0,Female,South,,Average
CUST3333,28.0,Female,East,3.0,Average
CUST3334,22.0,Male,South,-1.0,Great service!
CUST3335,54.0,Female,South,2.0,
CUST3336,38.0,Female,South,,Not satisfied
CUST3337,24.0,Female,South,5.0,Will come again
CUST3338,22.0,Female,North,1.0,
CUST3339,56.0,Male,East,3.0,Will come again
CUST3340,,Female,South,1.0,
CUST3341,36.0,Female,South,4.0,
CUST3342,23.0,Female,East,5.0,
CUST3343,24.0,Female,East,1.0,Not satisfied
CUST3344,42.0,Male,East,3.0,
CUST3345,58.0,Male,East,2.0,nan
CUST3346,52.0,Male,North,1.0,Great service!
CUST3347,61.0,Male,South,5.0,Will come again
CUST3348,37.0,Male,East,4.0,Will come again
CUST3349,49.0,Male,South,5.0,
CUST3350,56.0,Female,South,,
CUST3351,,Male,North,4.0,
CUST3352,18.0,Female,East,5.0,
CUST3353,25.0,Female,South,3.0,Not satisfied
CUST3354,35.0,Male,North,2.0,Not satisfied
CUST3355,56.0,Female,South,4.0,Average
CUST3356,27.0,nan,Unknown,-1.0,Not satisfied
CUST3357,36.0,Male,South,2.0,Will come again
CUST3358,46.0,Male,North,5.0,Great service!
CUST3359,46.0,Female,North,4.0,nan
CUST3360,44.0,Male,North,3.0,nan
CUST3361,54.0,Female,South,2.0,Average
CUST3362,26.0,Male,South,3.0,
CUST3363,40.0,Female,South,4.0,
CUST3364,49.0,Female,South,4.0,nan
CUST3365,29.0,Female,Unknown,5.0,Not satisfied
CUST3366,31.0,Female,East,2.0,
CUST3367,40.0,Female,nan,2.0,Great service!
CUST3368,37.0,Female,Unknown,2.0,
CUST3369,63.0,Female,Unknown,-1.0,Great service!
CUST3370,66.0,Male,East,2.0,
CUST3371,67.0,Female,North,3.0,Not satisfied
CUST3372,18.0,Female,North,2.0,Average
CUST3373,59.0,Female,South,4.0,
CUST3374,54.0,nan,South,3.0,Not satisfied
CUST3375,58.0,Female,South,3.0,Will come again
CUST3376,35.0,Female,North,4.0,Average
CUST3377,56.0,Female,South,4.0,
CUST3378,26.0,Unknown,East,2.0,
CUST3379,32.0,Male,East,4.0,Great service!
CUST3380,42.0,Male,North,3.0,
CUST3381,64.0,Female,Unknown,2.0,Great service!
CUST3382,58.0,Female,North,4.0,Great service!
CUST3383,57.0,Female,South,2.0,nan
CUST3384,55.0,nan,North,3.0,Average
CUST3385,65.0,Male,Unknown,-1.0,
CUST3386,63.0,Female,East,4.0,
CUST3387,,Female,South,4.0,
CUST3388,22.0,Female,North,1.0,
CUST3389,31.0,nan,nan,4.0,
CUST3390,33.0,nan,North,3.0,
CUST3391,53.0,Male,North,1.0,Great service!
CUST3392,63.0,Male,East,5.0,Average
CUST3393,48.0,Female,North,4.0,Not satisfied
CUST3394,57.0,Male,South,3.0,Will come again
CUST3395,24.0,Female,North,3.0,
CUST3396,44.0,Male,South,1.0,Not satisfied
CUST3397,67.0,Female,?,3.0,Not satisfied
CUST3398,38.0,Female,Unknown,4.0,
CUST3399,45.0,Female,East,1.0,Not satisfied
CUST3400,59.0,nan,East,2.0,Not satisfied
CUST3401,61.0,Male,South,5.0,Will come again
CUST3402,44.0,Male,South,1.0,
CUST3403,35.0,Male,South,3.0,Average
CUST3404,,Male,North,1.0,
CUST3405,50.0,Male,Unknown,2.0,Will come again
CUST3406,60.0,Male,South,2.0,
CUST3407,27.0,Female,East,2.0,Will come again
CUST3408,45.0,Female,North,2.0,
CUST3409,64.0,Male,North,2.0,
CUST3410,32.0,Male,North,2.0,
CUST3411,28.0,Male,North,3.0,
CUST3412,34.0,Female,North,2.0,
CUST3413,69.0,Female,North,5.0,
CUST3414,,Female,East,3.0,
CUST3415,34.0,Male,South,3.0,
CUST3416,60.0,Male,South,1.0,
CUST3417,44.0,Male,North,3.0,Will come again
CUST3418,24.0,Male,North,2.0,Will come again
CUST3419,46.0,Female,South,2.0,
CUST3420,64.0,Male,North,4.0,
CUST3421,21.0,Male,North,3.0,
CUST3422,65.0,Male,nan,4.0,nan
CUST3423,47.0,Male,North,4.0,
CUST3424,39.0,Male,North,3.0,
CUST3425,46.0,Female,South,4.0,Great service!
CUST3426,23.0,Female,?,1.0,Not satisfied
CUST3427,51.0,nan,East,1.0,
CUST3428,23.0,Female,North,3.0,
CUST3429,36.0,Male,North,-1.0,nan
CUST3430,69.0,Male,North,2.0,nan
CUST3431,32.0,Male,North,2.0,Will come again
CUST3432,41.0,Male,North,4.0,Not satisfied
CUST3433,68.0,Male,East,2.0,
CUST3434,33.0,Female,East,5.0,Average
CUST3435,43.0,Unknown,East,2.0,
CUST3436,26.0,Female,North,5.0,
CUST3437,42.0,Female,North,2.0,
CUST3438,67.0,Female,South,3.0,
CUST3439,29.0,Male,South,1.0,
CUST3440,42.0,Male,South,2.0,
CUST3441,27.0,Male,North,2.0,
CUST3442,20.0,Male,North,4.0,
CUST3443,61.0,Female,?,3.0,
CUST3444,47.0,Female,North,2.0,
CUST3445,58.0,Female,East,2.0,nan
CUST3446,42.0,Male,South,4.0,nan
CUST3447,27.0,Male,North,1.0,
CUST3448,62.0,Male,East,1.0,
CUST3449,62.0,Male,East,2.0,Great service!
CUST3450,54.0,Male,South,-1.0,Great service!
CUST3451,41.0,Female,South,1.0,Will come again
CUST3452,27.0,Female,South,4.0,
CUST3453,35.0,Male,South,3.0,Will come again
CUST3454,62.0,Female,East,2.0,
CUST3455,58.0,Male,North,,Average
CUST3456,63.0,Female,Unknown,1.0,Average
CUST3457,35.0,nan,North,,
CUST3458,22.0,Female,nan,4.0,
CUST3459,26.0,Male,South,4.0,
CUST3460,21.0,Female,East,5.0,
CUST3461,23.0,Female,East,3.0,Not satisfied
CUST3462,68.0,Female,South,2.0,
CUST3463,52.0,Female,East,2.0,
CUST3464,30.0,Female,South,4.0,Average
CUST3465,68.0,nan,North,1.0,Great service!
CUST3466,32.0,Female,North,1.0,Will come again
CUST3467,30.0,Male,North,2.0,
CUST3468,46.0,Female,South,,
CUST3469,36.0,Male,South,2.0,
CUST3470,63.0,Female,North,2.0,
CUST3471,66.0,Male,North,2.0,
CUST3472,63.0,Male,East,1.0,
CUST3473,44.0,Male,Unknown,3.0,
CUST3474,26.0,Male,South,5.0,
CUST3475,53.0,Male,North,1.0,
CUST3476,58.0,Male,Unknown,4.0,Great service!
CUST3477,61.0,Male,South,5.0,Not satisfied
CUST3478,18.0,Male,South,2.0,Great service!
CUST3479,53.0,Male,nan,5.0,
CUST3480,23.0,Male,South,1.0,
CUST3481,37.0,Male,South,4.0,Great service!
CUST3482,56.0,Female,nan,4.0,
CUST3483,,Male,?,3.0,Will come again
CUST3484,42.0,Unknown,North,3.0,
CUST3485,26.0,Female,East,,
CUST3486,69.0,Male,South,5.0,
CUST3487,59.0,Female,East,2.0,
CUST3488,60.0,Female,East,3.0,Great service!
CUST3489,28.0,Male,South,2.0,Average
CUST3490,58.0,Male,North,-1.0,
CUST3491,64.0,Male,North,4.0,
CUST3492,,Female,East,2.0,
CUST3493,61.0,Male,East,1.0,Great service!
CUST3494,29.0,Male,South,2.0,Average
CUST3495,57.0,Male,North,,
CUST3496,19.0,Female,North,3.0,Not satisfied
CUST3497,41.0,Female,North,-1.0,nan
CUST3498,52.0,Male,North,3.0,
CUST3499,59.0,Male,North,4.0,
